Date,World Equities,10-year US Treasuries,High Yield,Inflation Protection,Currency Protection,U.S. Equity,SP500 Total Return,S&P 500,International Equity,U.S. Treasury 20 years,Corporate Bond,Real Estate,Commodity,TIPS
1/1/95,-0.020348552,0.022922,0.032048224,0.006524008,-0.0034041,0.022238695,0.025954113,0.02589673,-0.039228178,0.025987,0.017042438,-0.014846878,-0.02390835,0.029446008
2/1/95,0.010680433,0.030014,0.013530549,-0.038374699,-0.0205868,0.036258158,0.035540184,0.03897385,-0.00043399,0.02696,0.02986953,0.032459819,0.002221243,-0.008360699
3/1/95,0.045803796,0.007195,0.025870647,-0.023184248,-0.0420602,0.030790763,0.035453865,0.02950239,0.061948755,0.009477,0.011936587,-0.005960715,0.019558217,-0.015989248
4/1/95,0.03637177,0.016973,0.030835758,-0.003599651,-0.0158271,0.022403259,0.026256449,0.02941379,0.037153962,0.017695,0.010995408,0.002259131,0.038084692,0.013373349
5/1/95,0.01103996,0.0549,0.006743247,-0.054282227,0.0091209,0.036520584,0.040894255,0.03994901,-0.00976907,0.076715,0.05321652,0.045025114,-0.009416682,0.000617773
6/1/95,0.000221,0.011343,0.013006737,-0.022001808,-0.0042541,0.03331198,0.027414573,0.02322265,-0.015972057,0.012271,0.005429912,0.017734698,-0.025919175,-0.010658808
7/1/95,0.04838329,-0.008576,0.005266597,-0.010890459,0.0062657,0.032858029,0.024269424,0.03313049,0.060826959,-0.014392,-0.009290265,0.015633381,0.016926729,-0.019466459
8/1/95,-0.021894489,0.014105,0.011854685,-0.014519423,0.0416515,0.018007203,0.010380084,0.002486292,-0.036476183,0.021698,0.020410452,0.014877502,0.038333363,-0.000414423
9/1/95,0.027511839,0.012995,0.008201058,-0.020419162,-0.0060914,0.028301887,0.033795071,0.04220478,0.018886661,0.016986,0.010177578,0.018302047,0.007723466,-0.007424162
10/1/95,-0.016714247,0.016065,0.009933651,-0.003820357,0.0023388,0.000573394,0.005866852,-0.003612542,-0.025930257,0.027172,0.016354019,-0.018396879,0.002320571,0.012244643
11/1/95,0.031456905,0.022024,0.016739663,-0.033395579,0.0128862,0.039541547,0.041631654,0.04388574,0.028449327,0.024804,0.017860134,0.010031109,0.034354145,-0.011371579
12/1/95,0.030112216,0.017912,0.0167196,-0.003767321,0.0005363,0.014332966,0.016543485,0.01924683,0.039386066,0.025105,0.013763488,0.054862028,0.091823827,0.014144679
1/1/96,0.022229622,0.006363,0.003051955,0.00446603,0.0254883,0.032065217,0.038196937,0.03393546,0.006108773,0.000786,0.004345741,0.0191517,-0.011010134,0.01082903
2/1/96,0.004163599,-0.028964,-0.004080756,0.039246882,-0.0114707,0.014744602,0.01143204,0.009263607,0.003165913,-0.045366,-0.014206838,0.00770616,0.038430087,0.010282882
3/1/96,0.015394324,-0.010249,0.001401768,0.02516232,0.0029874,0.019719772,0.016231836,0.009625562,0.021434913,-0.020551,-0.013533968,-0.001438932,0.090746933,0.01491332
4/1/96,0.024417678,-0.017066,0.007178493,0.012863948,0.0043121,0.016284987,0.00271222,0.01466542,0.029789138,-0.016512,-0.010278491,0.003253884,0.047689885,-0.004202052
5/1/96,0.001033919,-0.00588,0.004490218,0.027240145,0.0056271,0.02203305,0.022822459,0.02572285,-0.016834573,-0.005444,-0.001624824,0.02713973,-0.012429447,0.021360145
6/1/96,0.005484351,0.014535,0.006066626,-0.011078731,0.0010063,0.00244978,0.014006409,0.003798071,0.004589279,0.020281,0.01449926,0.013780815,0.045611655,0.003456269
7/1/96,-0.037349101,0.00053,0.012447986,0.01931727,-0.0130809,-0.046432063,-0.036638203,-0.04424482,-0.029021672,0.001757,0.01188884,0.008609949,-0.032236938,0.01984727
8/1/96,0.01233305,-0.00514,0.023266344,-0.002540774,0.0036153,0.01537673,0.005075976,0.02109729,0.004059316,-0.013689,-0.012191381,0.040686004,0.010782864,-0.007680774
9/1/96,0.036927339,0.022799,0.008679669,-0.005054461,0.0135614,0.054013125,0.059007527,0.05628821,0.027344879,0.029057,0.024496637,0.017391028,0.031038892,0.017744539
10/1/96,0.003998925,0.029722,0.020078288,-0.015532198,-0.0058739,0.01197318,0.022885771,0.02752565,-0.00642116,0.04029,0.021858682,0.032083333,-0.003779217,0.014189802
11/1/96,0.053460856,0.026511,0.008303285,-0.002528105,0.0032104,0.068622811,0.077107407,0.07558093,0.041485711,0.034708,0.022812171,0.045498587,0.08918868,0.023982895
12/1/96,-0.014484062,-0.021218,0.007513123,0.038511036,0.0084391,-0.011957484,-0.01923614,-0.01981692,-0.013623828,-0.024968,-0.012944603,0.099644746,0.009742525,0.017293036
1/1/97,0.016776346,-0.000088,0.015402651,-0.016701694,0.0358223,0.054235769,0.063348567,0.06241292,-0.030926045,-0.006384,0.005623307,0.011131595,-0.019516141,-0.016789694
2/1/97,0.013634022,-0.002146,-0.013757937,0.007969615,0.012573,0.003401361,0.012736977,0.007837939,0.015403388,-0.000853,-0.001492415,0.000859539,-0.063896409,0.005823615
3/1/97,-0.02000391,-0.019247,0.012811758,0.005547,0.0040772,-0.047457627,-0.043335713,-0.0410853,0.001261551,-0.023726,-0.011457773,-0.009247291,0.010861149,-0.0137
4/1/97,0.032118547,0.019041,0.021061418,-0.012957658,0.0237789,0.041814947,0.052622851,0.05963999,0.006388313,0.022389,0.016606699,-0.022799905,0.028960673,0.006083342
5/1/97,0.059667393,0.011188,0.015438795,-0.005746097,-0.0300765,0.071733561,0.062074428,0.06087951,0.066191444,0.011775,0.009241656,0.032005161,-0.0021449,0.005441903
6/1/97,0.051171207,0.017494,0.026506472,-0.020701377,0.0005728,0.050996016,0.054272541,0.04480315,0.053634806,0.019949,0.017510039,0.04799486,-0.043282117,-0.003207377
7/1/97,0.045216661,0.040304,-0.001206637,-0.030751461,0.0276994,0.06520091,0.064289706,0.07948323,0.018585775,0.056907,0.022112639,0.029931984,0.050744603,0.009552539
8/1/97,-0.070161866,-0.020309,0.018000604,0.023297048,0.0014587,-0.03202847,-0.048930865,-0.05605147,-0.073439201,-0.026807,-0.004676411,-0.00201094,0.013363329,0.002988048
9/1/97,0.053330905,0.022409,0.005102949,-0.020422903,-0.0077594,0.065808824,0.06391169,0.05476492,0.056363004,0.02869,0.023593759,0.079882324,0.023876303,0.001986097
10/1/97,-0.059543222,0.024771,0.009357105,-0.014463765,-0.0072384,-0.017247327,-0.016142202,-0.03343992,-0.075212497,0.031945,0.004838286,-0.025481225,0.016905167,0.010307235
11/1/97,0.01529838,0.001182,0.00962129,0.004409524,0.0260242,0.027729028,0.039796682,0.04629957,-0.01095053,0.013072,0.007882438,0.016949153,-0.084215969,0.005591524
12/1/97,0.013129351,0.014809,0.015930947,-0.019003713,0.0174178,0.00034153,-0.003068551,0.01717444,0.009754622,0.020765,0.010066408,0.0196867,-0.071357885,-0.004194713
1/1/98,0.022014529,0.021106,0.004048583,-0.016207881,0.0062263,0.024581769,0.032719276,0.01101466,0.042862422,0.018997,0.010874619,-0.004675244,-0.016860782,0.004898119
2/1/98,0.068409918,-0.007748,0.009512721,0.006870636,-0.0121535,0.051316228,0.048025305,0.07212678,0.06535754,-0.007789,-0.003823433,-0.016970785,-0.065717069,-0.000877364
3/1/98,0.04266825,0.002537,0.004303676,-0.003024852,0.0169859,0.058954041,0.05901828,0.05120096,0.033073848,0.004145,0.012585299,0.016493803,-0.012267166,-0.000487852
4/1/98,0.009372547,0.003324,0.005993726,0.000385488,-0.0091294,0.011074529,0.012520529,0.01000537,0.007997903,0.001752,0.003456018,-0.03214787,-0.004038956,0.003709488
5/1/98,-0.018973561,0.010086,0.005178462,-0.002888957,0.0173512,-0.035820012,-0.025130004,-0.01721636,-0.004969765,0.019128,0.013079699,-0.008478478,-0.068777901,0.007197043
6/1/98,0.018016338,0.013545,0.006370485,-0.011130941,0.004736,0.050046055,0.053974235,0.04060986,0.005537834,0.023736,0.007755159,-0.006237183,-0.030118797,0.002414059
7/1/98,0.000326714,0.000356,-0.050476138,0.004267832,0.0160957,-0.040935673,-0.030500524,-0.01068821,0.006763469,-0.003381,0.001508195,-0.065551048,-0.092217046,0.004623832
8/1/98,-0.140102133,0.036926,0.002608696,-0.034720611,0.0008829,-0.119207317,-0.104950014,-0.1445803,-0.127485013,0.050261,-0.002878011,-0.103474138,-0.026712202,0.002205389
9/1/98,0.019892656,0.052732,-0.021364556,-0.032544476,-0.0357161,-0.003115265,-0.00638603,0.06406494,-0.028293743,0.030753,0.039125641,0.063475982,0.062180394,0.020187524
10/1/98,0.091328015,-0.010324,0.051874391,0.012480991,-0.0349595,0.125694444,0.128015395,0.08133081,0.104402785,-0.021293,-0.024602384,-0.027234667,-0.029295775,0.002156991
11/1/98,0.060710049,-0.006612,-0.001797399,0.005582616,0.019785,0.056446638,0.058793208,0.0606083,0.050917543,0.013216,0.025253255,0.018203545,-0.122777397,-0.001029384
12/1/98,0.046441285,0.009652,0.013504769,-0.015647316,-0.0228155,0.055474453,0.047110269,0.05762353,0.03861599,-0.004155,0.002915599,-0.030126276,-0.014771041,-0.005995316
1/1/99,0.020437423,0.003291,-0.00680121,0.008394986,0.0104021,0.033748271,0.036408822,0.04181627,0.000424176,0.00989,0.004528308,-0.019288684,-0.00849083,0.011685986
2/1/99,-0.025132972,-0.044006,0.011627257,0.037019507,0.0203307,-0.03398448,-0.027703827,-0.03108589,-0.024921876,-0.049889,-0.024766017,-0.024325302,-0.031160209,-0.006986493
3/1/99,0.044979421,0.00863,0.018290324,-0.008817617,0.0042771,0.044598338,0.047808152,0.04000777,0.041966705,-0.000689,0.011692415,-0.014481729,0.157856829,-0.000187617
4/1/99,0.043203666,-0.003474,-0.009170827,0.010135663,-0.0004818,0.053301512,0.047820617,0.03871723,0.043116827,0.003155,0.005609512,0.109036703,0.053190322,0.006661663
5/1/99,-0.035336447,-0.022526,-0.002491922,0.029423195,0.0110782,-0.03776435,-0.043209305,-0.02326275,-0.050290536,-0.014986,-0.021937058,0.016694941,-0.072044958,0.006897195
6/1/99,0.049786867,-0.007152,0.001345156,0.007799968,0.005193,0.063317635,0.068078253,0.05549742,0.039330417,-0.013139,0.001222359,-0.017781353,0.07499883,0.000647968
7/1/99,-0.004086662,-0.004171,-0.010554885,0.003615958,-0.020489,-0.038877953,-0.03753846,-0.03122499,0.02902037,-0.006544,-0.004504718,-0.036372031,0.053157448,-0.000555042
8/1/99,-0.001200556,-0.00452,-0.004017622,0.006278608,-0.0079304,0.000256016,0.003812261,-0.004934655,0.003071224,-0.003605,-0.002437605,-0.020874958,0.055232426,0.001758608
9/1/99,-0.010781168,0.012027,-0.005424804,-0.00805398,-0.0152565,-0.034041464,-0.035322672,-0.02741564,0.011024904,0.007494,0.006142885,-0.040387066,0.055287426,0.00397302
10/1/99,0.05064597,-0.006109,0.0130346,0.008041634,-0.0000515,0.060413355,0.056313393,0.06327362,0.038859799,-0.001441,0.006513683,-0.016011085,-0.039798945,0.001932634
11/1/99,0.031071824,-0.00659,0.006046884,0.012652276,0.0128849,0.043228386,0.033691858,0.02032916,0.0351809,-0.003845,0.002106427,-0.024554095,0.034791114,0.006062276
12/1/99,0.083308175,-0.012402,-0.003842354,0.004367672,-0.0066047,0.062035928,0.041957403,0.05889359,0.092150179,-0.015267,-0.008892767,0.020500637,0.033699847,-0.008034328
1/1/00,-0.053943526,-0.009799,0.002148997,0.014308894,0.0248472,-0.022553,-0.030900348,-0.05024244,-0.0605806,0.017036,0.005447877,0.018291126,0.089183416,0.004509894
2/1/00,0.003395919,0.0136,-0.014680816,-0.004620707,0.0120735,0.023765575,-0.019966032,-0.01893794,0.028541715,0.030678,0.005666106,-0.020461123,0.078944225,0.008979293
3/1/00,0.065738535,0.034752,2.79E-05,-0.005511172,-0.0132376,0.032454361,0.092802924,0.09783066,0.041238776,0.034984,0.012991831,0.035848295,-0.050421047,0.029240828
4/1/00,-0.044855673,-0.010026,-0.012583354,0.023348746,0.0385243,-0.027286619,-0.024338709,-0.03009164,-0.051686863,-0.007828,-0.015735643,0.083799998,0.012628422,0.013322746
5/1/00,-0.025951249,0.001771,0.019299237,-0.004296033,-0.0014798,-0.024910233,-0.01181298,-0.02052272,-0.024031847,-0.004246,0.000342112,-0.005667015,0.114208676,-0.002525033
6/1/00,0.03389549,0.022074,0.005377984,-0.009504168,-0.0171536,0.029459148,0.015038479,0.02465261,0.043454736,0.020999,0.022871634,0.050155717,0.056032082,0.012569832
7/1/00,-0.02937102,0.00464,0.009816086,0.00398069,0.0214872,-0.027498323,-0.020726943,-0.01557206,-0.038029772,0.018508,0.011555517,0.076567646,-0.067227005,0.00862069
8/1/00,0.031087337,0.016603,-0.008655763,-0.009167103,0.0084748,0.073563218,0.058915679,0.0621149,0.013265152,0.022423,0.012991105,-0.054656408,0.147673558,0.007435897
9/1/00,-0.054923811,-0.001323,-0.031840467,0.006498193,0.0108425,-0.056316916,-0.054918875,-0.05279578,-0.051608858,-0.013494,0.004437342,0.012027208,0.008018994,0.005175193
10/1/00,-0.019564741,0.008647,-0.038349929,0.003422548,0.0239911,-0.019060585,-0.00964716,-0.004233018,-0.027053187,0.017418,0.001856001,-0.029494531,-0.01191013,0.012069548
11/1/00,-0.06195188,0.025641,0.022750133,-0.011130117,-0.0011973,-0.090909091,-0.073419115,-0.07883507,-0.040076452,0.030494,0.010006115,0.020313826,0.052761922,0.014510883
12/1/00,0.016653373,0.030723,0.063318967,-0.019872199,-0.032463,0.012722646,0.004680302,0.004893941,0.035245912,0.026133,0.021973906,0.065939044,0.004478126,0.010850801
1/1/01,0.029043808,0.004164,0.015179543,0.016654086,0.0096382,0.042713568,0.041224692,0.03547875,0.004522179,0.002511,0.032167191,0.014273019,-0.018442594,0.020818086
2/1/01,-0.088192554,0.011636,-0.02001715,0.005252393,0.0147184,-0.098313253,-0.095235564,-0.09118954,-0.083441333,0.018639,0.007872825,-0.005577058,-0.045112246,0.016888393
3/1/01,-0.076268238,0.00275,-0.013562659,0.006807383,0.0444797,-0.082041689,-0.076006622,-0.06334967,-0.072481113,-0.007316,0.003094688,0.003715906,-0.051186682,0.009557383
4/1/01,0.097695144,-0.027449,0.017546778,0.033113623,-0.0161921,0.11411936,0.106145284,0.07770182,0.091288808,-0.031123,-0.000718252,0.027174535,0.071187102,0.005664623
5/1/01,-0.022181576,0.001373,-0.026343031,0.010509716,0.0129933,0.001829109,-0.002965103,0.006698912,-0.045019327,0.003703,0.009192486,0.026344146,-0.039318506,0.011882716
6/1/01,-0.022625331,0.002161,0.016255841,-0.003457325,0.0043341,-0.015910276,-0.018336124,-0.02433905,-0.031186766,0.005339,0.006039045,0.053529795,-0.075701535,-0.001296325
7/1/01,-0.01940238,0.030526,0.007874016,-0.013804613,-0.0101476,-0.018022794,-0.015761251,-0.009854027,-0.017360636,0.038935,0.022971812,-0.010638956,0.008641623,0.016721387
8/1/01,-0.05784409,0.015065,-0.06908326,-0.013713243,-0.0233984,-0.064777328,-0.066337987,-0.06259908,-0.047902571,0.0236,0.012445849,0.027960126,0.01048625,0.001351757
9/1/01,-0.089140934,0.022599,0.031984507,-0.016749292,0.0064261,-0.094083694,-0.082864247,-0.08076551,-0.094885161,0.004898,0.003760315,-0.040829842,-0.115337399,0.005849708
10/1/01,0.042723544,0.031821,0.035144588,-0.00811089,0.0125436,0.051608793,0.044974458,0.01905378,0.043176219,0.05198,0.023210089,-0.011561386,-0.062312317,0.02371011
11/1/01,0.034089747,-0.035211,-0.007856064,0.012924037,0.0001997,0.045743714,0.043617673,0.07671536,0.014860995,-0.051658,-0.010501727,0.031846725,-0.026098535,-0.022286963
12/1/01,0.019247951,-0.017354,0.005537252,0.005733023,0.0170821,0.02636153,0.017278931,0.008764059,0.020026596,-0.014911,-0.006191024,0.032466411,-0.022734274,-0.011620977
1/1/02,-0.03224948,0.004609,-0.013188689,0.001269806,0.0207585,-0.019192774,-0.021567228,-0.01459168,-0.052603308,0.011488,0.007979617,0.004302011,-0.006563125,0.005878806
2/1/02,0.015961697,0.012027,0.025251116,0.003108621,-0.0012815,0.008057554,0.010077463,-0.01929896,0.020079925,0.012538,-7.98E-05,0.027686732,0.039599689,0.015135621
3/1/02,0.027549841,-0.03679,0.016029392,0.030663634,-0.007921,0.020268341,0.013876412,0.03760268,0.045756439,-0.040447,-0.014463213,0.052474978,0.129864295,-0.006126366
4/1/02,-0.026206922,0.029382,-0.007660577,-0.002126152,-0.0256201,-0.040570789,-0.051523776,-0.06063596,0.006823936,0.040135,0.013762008,0.017288848,-0.019523093,0.027255848
5/1/02,-0.018962971,0.008136,-0.077386094,0.007769147,-0.0301384,-0.042578011,-0.040544518,-0.00737031,0.009289674,0.001533,0.013148542,0.005709408,-0.031508495,0.015905147
6/1/02,-0.059143325,0.021555,-0.038822738,-0.007393315,-0.0325856,-0.069448675,-0.067998247,-0.07114517,-0.038658712,0.018251,0.001143005,0.017073127,0.041084112,0.014161685
7/1/02,-0.099316674,0.03077,0.024958909,-0.014209759,0.0135101,-0.084451718,-0.08551562,-0.07795156,-0.125631597,0.030021,0.00295088,-0.055106692,-0.014749815,0.016560241
8/1/02,0.027074202,0.030178,-0.015560967,0.005578195,-0.0061958,0.033607437,0.037066287,0.006548434,0.015962139,0.045547,0.022644562,0.01655652,0.076937939,0.035756195
9/1/02,-0.084880627,0.04689,-0.00841629,-0.021631753,0.0059858,-0.068834313,-0.073009531,-0.1086794,-0.094506999,0.041489,0.014606919,-0.040861978,0.053017501,0.025258247
10/1/02,0.058075368,-0.020221,0.062547534,-0.006495069,-0.0033159,0.05794948,0.064102858,0.08801574,0.048097541,-0.028103,-0.010829074,-0.03643501,-0.055148857,-0.026716069
11/1/02,0.044218119,-0.021163,0.014544622,0.020495131,-0.0008206,0.041783708,0.039016578,0.05885971,0.046399397,-0.011966,0.018308364,0.046294074,0.011229158,-0.000667869
12/1/02,-0.046046496,0.035968,0.03002681,-0.002351747,-0.0278584,-0.054937647,-0.056956142,-0.05874766,-0.029936648,0.044021,0.029001124,0.002179468,0.072413416,0.033616253
1/1/03,-0.020390342,-0.008285,0.013452423,0.015785323,-0.0194346,-0.021398003,-0.020924795,-0.02619655,-0.02405701,-0.004343,0.003740068,-0.03217581,0.08142117,0.007500323
2/1/03,-0.02602141,0.02623,0.02638551,0.011249143,-0.0093591,-0.02696793,-0.027686284,-0.01500376,-0.024631178,0.030871,0.023196823,0.022601691,0.099801853,0.037479143
3/1/03,0.006350106,-0.005652,0.058130959,-0.010554854,-0.0081158,0.029213483,0.029733423,0.009750791,-0.019107539,-0.011278,-0.000922143,0.039012857,-0.139182695,-0.016206854
4/1/03,0.080187369,-0.000069,0.011450477,-0.002508968,-0.0171832,0.069868996,0.068830164,0.08236987,0.093187491,0.009585,0.01912094,0.033466697,-0.039818732,-0.002577968
5/1/03,0.065952857,0.042457,0.028006793,0.004948913,-0.0348946,0.065306122,0.056989763,0.05268299,0.075782162,0.057641,0.027695845,0.059739716,0.119641308,0.047405913
6/1/03,0.014119851,-0.009082,-0.013550071,-0.001089532,0.0052135,0.018199234,0.01741864,0.01275184,0.00653806,-0.01402,-0.000285817,0.02940562,-0.017772515,-0.010171532
7/1/03,0.010177073,-0.066819,0.012765441,0.02066796,0.0249324,0.005957981,-0.000975708,0.01763163,0.019391228,-0.093603,-0.039190542,0.036524296,0.041773935,-0.04615104
8/1/03,0.037640517,0.004672,0.02715008,0.013240922,-0.0005678,0.034912718,0.030051861,0.01949592,0.044851243,0.009902,0.006584979,0.011604648,0.003567051,0.017912922
9/1/03,0.020598524,0.046768,0.020740015,-0.013701868,-0.0447058,0.010542169,0.011573957,-0.01062375,0.035317357,0.058097,0.035869234,0.04056097,-0.038174391,0.033066132
10/1/03,0.044634084,-0.024426,0.013804768,0.029881868,-0.0102985,0.047988077,0.041563822,0.05656997,0.042672923,-0.029366,-0.014422747,0.026346878,0.006929574,0.005455868
11/1/03,0.023465158,0.001662,0.023739207,-0.001059082,-0.0207339,0.016496018,0.012196841,0.008792537,0.037817825,0.003887,0.004976346,0.044194863,0.042883777,0.000602918
12/1/03,0.049907044,0.010314,0.016141819,-0.000130823,-0.0281985,0.033016228,0.040677946,0.05244458,0.061600194,0.016052,0.015973696,0.021417816,0.057437917,0.010183177
1/1/04,0.02017277,0.012969,-0.00110526,-0.001516569,0.0086843,0.025189599,0.022089834,0.0183551,0.017140973,0.015763,0.009499561,0.056922293,0.028904953,0.011452431
2/1/04,0.027434179,0.017485,0.006682288,0.005632297,0.0077967,0.022192867,0.019960213,0.01389415,0.034869667,0.023563,0.012973323,0.021016911,0.064472806,0.023117297
3/1/04,-0.008389441,0.014356,-0.006594828,0.001667978,-0.0104376,-0.014990954,-0.019348336,-0.01508656,0.003560999,0.013929,0.006926965,0.052105454,-0.014573699,0.016023978
4/1/04,-0.025897608,-0.0491,-0.015728728,0.000538135,0.0400781,-0.018367882,-0.011874817,-0.01568505,-0.035550413,-0.059584,-0.027603655,-0.147349219,0.06710567,-0.048561865
5/1/04,0.001882204,-0.006668,0.014547378,0.024675274,-0.0122816,0.005880781,0.004947397,0.0137145,0.00085872,-0.0041,-0.010032586,0.043553131,0.075399821,0.018007274
6/1/04,0.015745158,0.01011,0.013469769,-0.009641424,-0.0043272,0.009566835,0.008468752,0.01944495,0.026568141,0.013616,0.010141271,0.041617231,-0.064830261,0.000468576
7/1/04,-0.024537126,0.012083,0.01817831,-0.002774412,0.0054565,-0.023427218,-0.018683972,-0.03309648,-0.030655128,0.014664,0.00955005,0.015536625,0.04353411,0.009308588
8/1/04,0.009306164,0.032191,0.013916668,-0.005392856,-0.011562,0.002425876,0.001434285,0.004091063,0.012391742,0.039549,0.02333262,0.059334926,-0.007370934,0.026798144
9/1/04,0.030569489,0.002804,0.019290668,-0.000826822,-0.0184191,0.028771175,0.024294145,0.01083072,0.03454543,0.008695,0.002173088,0.021817179,0.100869612,0.001977178
10/1/04,0.012982414,0.011145,0.010389716,-0.00116586,-0.0302203,0.001568217,0.000367527,0.01527734,0.028238234,0.015813,0.00978384,0.040304747,0.012562742,0.00997914
11/1/04,0.063066579,-0.017663,0.015081557,0.015262643,-0.032912,0.061325678,0.056064595,0.04355367,0.067574546,-0.022469,-0.007600109,0.054645789,-0.070956315,-0.002400357
12/1/04,0.021748219,0.013398,-0.00101301,0.004060452,-0.0052595,0.010818785,0.01021692,0.03409724,0.031212152,0.024136,0.014980747,0.015122018,-0.075005838,0.017458452
1/1/05,-0.010237205,0.009351,0.01429594,-0.009296004,0.0274441,-0.009486743,-0.009619044,-0.02437478,-0.012256383,0.028471,0.007781275,-0.061148322,0.074194752,5.50E-05
2/1/05,0.032872016,-0.013112,-0.027326368,0.008877508,-0.0105945,0.020628684,0.019801411,0.02104643,0.04142734,-0.014668,-0.006327272,0.026126047,0.075081005,-0.004234492
3/1/05,-0.025680326,-0.004518,-0.010721699,0.005401636,0.0117252,-0.028873917,-0.029586846,-0.01766004,-0.020340526,-0.004377,-0.008712361,-0.030663292,0.100334449,0.000883636
4/1/05,-0.017632412,0.026104,0.017906981,-0.007012238,0.0077401,-0.011149653,-0.008017837,-0.01896565,-0.026936042,0.035333,0.012232123,0.046928859,-0.100174208,0.019091762
5/1/05,0.024316047,0.018363,0.019032942,-0.011486613,0.0269793,0.042094713,0.036716769,0.03181856,0.009170277,0.03217,0.017836489,0.05053142,0.021909079,0.006876387
6/1/05,0.003198865,0.009046,0.015692205,-0.004797775,0.0086453,0.002163982,-0.005168476,0.001423312,0.006272831,0.017606,-0.002808288,0.042894726,0.046888772,0.004248225
7/1/05,0.041306236,-0.021346,0.003615902,0.000355371,0.0030559,0.039347409,0.035355087,0.03718822,0.043437775,-0.031633,-0.007231492,0.056013152,0.042746099,-0.020990629
8/1/05,0.014657942,0.020806,-0.010018689,0.002275551,-0.0203237,-0.00900277,-0.009043228,-0.009117073,0.041842019,0.032788,0.018244925,-0.036292127,0.15690392,0.023081551
9/1/05,0.017290335,-0.018281,-0.007278672,0.016890997,0.0062064,0.006522246,0.005335521,0.008111052,0.020982259,-0.033298,-0.018467899,-0.003917619,-0.026235999,-0.001390003
10/1/05,-0.022516501,-0.011898,0.004822678,-0.000897118,0.01309,-0.021291368,-0.018447543,-0.01667077,-0.022586107,-0.019975,-0.008767004,-0.049743926,-0.102394456,-0.012795118
11/1/05,0.045912101,0.006295,0.009150327,-0.004559642,0.0105709,0.056751005,0.054148558,0.03796451,0.030303087,0.007972,0.004990747,0.077509604,-0.012242052,0.001735358
12/1/05,0.015477548,0.011198,0.015853376,0.00109087,-0.0041658,-0.011635713,-0.011668953,0.000355824,0.039816849,0.027379,0.011171782,-0.014034109,0.005606004,0.01228887
1/1/06,0.049623184,-0.004563,0.006318514,0.004456042,-0.0219136,0.036902875,0.028502115,0.02650197,0.061863306,-0.011112,-0.003809754,0.073696123,0.02377202,-0.000106958
2/1/06,0.003275396,0.000153,0.006241017,-0.000580876,0.0068486,0.007860262,0.009275502,0.002748911,-0.00151938,0.008721,0.003934685,0.017324514,-0.078213956,-0.000427876
3/1/06,0.022922606,-0.019782,0.006427846,-0.002156038,0.0053951,0.0097487,0.006204662,0.01244756,0.040430947,-0.040187,-0.011326484,0.023981208,0.051538205,-0.021938038
4/1/06,0.028137612,-0.008795,-0.00061627,0.007919679,-0.0392198,0.006650933,0.006911713,0.01342777,0.044510026,-0.024514,-0.006161753,-0.025068107,0.077551152,-0.000875321
5/1/06,-0.033328983,-0.001047,-0.003793329,0.004003798,-0.0161387,-0.015771526,-0.012727645,-0.02874766,-0.040916122,-0.001525,0.002380346,0.003844078,-0.033597284,0.002956798
6/1/06,-5.19E-05,0.003077,0.010654262,-0.000238107,0.0102683,-0.003681247,-0.002954158,0.001355647,0.0012742,0.01062,0.000370943,0.042978521,0.020532569,0.002838893
7/1/06,-0.006483026,0.016418,0.016184113,-0.000140576,0.0031396,-0.014344708,-0.006278154,0.006168562,-0.002936444,0.021198,0.0152516,0.013062661,0.01854014,0.016277424
8/1/06,0.038213218,0.021575,0.013150205,-0.004272664,-0.0042193,0.034399118,0.034109081,0.02379311,0.040795115,0.028996,0.018793133,0.032449257,-0.086538698,0.017302336
9/1/06,0.008844728,0.011343,0.014601961,-0.009710648,0.0088435,0.012577276,0.016692209,0.02577161,0.002307238,0.017554,0.011579802,0.024076535,-0.110175383,0.001632352
10/1/06,0.034449925,0.007074,0.015973135,-0.008756263,-0.0051368,0.031789474,0.028585785,0.03263943,0.035637267,0.00811,0.010326984,0.055171589,-0.006890798,-0.001682263
11/1/06,0.028922247,0.013674,0.011000157,-0.001299066,-0.0151272,0.028565599,0.023559933,0.0190187,0.02650715,0.020207,0.013540411,0.051649227,0.051636485,0.012374934
12/1/06,0.023812605,-0.015746,0.010742086,-0.007609007,0.0147196,0.014481254,0.016873582,0.01407355,0.029393406,-0.02417,-0.011543946,-0.009938028,-0.068822356,-0.023355007
1/1/07,0.019891849,-0.0036,0.013930961,0.004931487,0.0134938,0.025029331,0.020804881,0.01512317,0.019393588,-0.007534,0.000166078,0.082742128,-0.033485078,0.001331487
2/1/07,-0.020942559,0.019999,0.00232931,0.001329653,-0.0136459,-0.024227394,-0.027530004,-0.01955744,-0.014013636,0.028796,0.02080651,-0.041229715,0.054589288,0.021328653
3/1/07,0.029765126,-0.002247,0.013236111,0.004642584,-0.0106092,0.016617791,0.016440853,0.01143719,0.038183064,-0.01211,-0.004149806,-0.008704066,0.030481226,0.002395584
4/1/07,0.041127616,0.006799,0.007113298,0.000266669,-0.0201161,0.039423077,0.044346948,0.04446285,0.03866256,0.008095,0.006285084,-0.014385613,-0.008350582,0.007065669
5/1/07,0.038457458,-0.014483,-0.016849019,0.001430998,0.0006393,0.0386679,0.036009774,0.03489509,0.035342868,-0.020529,-0.012950766,0.009037518,0.002524394,-0.013052002
6/1/07,0.000578361,-0.006804,-0.031405264,0.005288136,-0.0033729,-0.009440684,-0.009783171,-0.01661334,0.002202613,-0.008926,0.000679291,-0.067681603,0.027399759,-0.001515864
7/1/07,-0.032642885,0.023884,0.011142882,-0.001163866,-0.0129814,-0.039381406,-0.034266493,-0.03093244,-0.037720604,0.030381,0.001144874,-0.104880505,0.034798011,0.022720134
8/1/07,0.007515968,0.01713,0.024439569,-0.008428116,-0.0031755,0.008423811,0.007630264,0.01510498,0.004194675,0.017484,0.009835148,0.048189493,-0.028828953,0.008701884
9/1/07,0.062894644,-0.00044,0.006056145,0.013786189,-0.0385189,0.050306293,0.051192646,0.03739882,0.062108777,0.001447,0.006618664,0.062661378,0.09169965,0.013346189
10/1/07,0.012738175,0.013082,-0.020470267,-0.001864613,-0.0233764,-0.021208908,-0.023675879,0.01590686,0.027192999,0.01578,0.014788655,-0.049025919,0.097827779,0.011217387
11/1/07,-0.031759611,0.044192,0.002936932,-0.004524789,0.0053904,-0.024377031,-0.021806219,-0.04102719,-0.032495862,0.048778,0.00793943,-0.056949766,-0.027550407,0.039667211
12/1/07,-0.007134821,-0.003627,-0.0135922,0.002055122,0.0029028,-0.000370165,-0.00108499,-0.006788026,-0.01561405,-0.006067,-0.004926076,-0.036912523,0.055840961,-0.001571878
1/1/08,-0.066950997,0.038355,-0.011874732,0.001242347,-0.0119143,-0.047213479,-0.048480768,-0.0599817,-0.075516382,0.025689,0.015004721,0.035036866,-0.021253909,0.039597347
2/1/08,-0.023012442,0.009265,-0.005192505,0.003033655,-0.0219493,-0.04372328,-0.043651145,-0.03248303,-0.015668835,0.000404,-0.003224885,-0.07036842,0.145859336,0.012298655
3/1/08,0.01601347,0.011256,0.041669576,-0.011845329,-0.0091516,0.027027027,0.03085112,-0.004317896,0.013101385,0.012042,-0.018763557,0.092425912,-0.029169431,-0.000589329
4/1/08,0.040476358,-0.016442,0.004273433,-0.004650262,0.0089558,0.031855956,0.029912859,0.0487205,0.041514423,-0.018873,0.013876324,0.030793375,0.075352536,-0.021092262
5/1/08,0.006577665,-0.018756,-0.026783032,0.022045931,-0.0030213,-0.005369128,-0.014733611,0.01295259,0.019735168,-0.029605,-0.006367658,-0.033793887,0.113950546,0.003289931
6/1/08,-0.083685009,0.010754,-0.016031961,0.004579456,0.003005,-0.06959707,-0.070885404,-0.08430358,-0.089183528,0.023758,-0.010372764,-0.094657107,0.092272755,0.015333456
7/1/08,-0.028584708,0.005155,0.003223783,-0.010249614,0.0109063,-0.016162453,-0.017891698,-0.008400365,-0.035145311,-0.000827,-0.00435936,0.026166441,-0.125988109,-0.005094614
8/1/08,-0.018805303,0.015313,-0.082975804,-0.00712902,0.0474465,0.02021904,0.020153383,0.01446474,-0.036242503,0.023764,0.005041102,0.018729915,-0.073892287,0.00818398
9/1/08,-0.115855856,0.000875,-0.162973065,-0.039195258,0.015691,-0.097440132,-0.093106357,-0.08905771,-0.125042122,0.007784,-0.072237684,-0.024801472,-0.137094623,-0.038320258
10/1/08,-0.193982543,-0.028592,-0.084340348,-0.058317365,0.0869943,-0.173147301,-0.166384451,-0.1679486,-0.204944624,-0.036296,-0.070406382,-0.312201799,-0.295256371,-0.086909365
11/1/08,-0.13226377,0.085378,0.074759657,-0.07830265,0.006308,-0.162932227,-0.152446795,-0.07175458,-0.111893874,0.144461,0.044647647,-0.337307849,-0.175630141,0.00707535
12/1/08,0.110250528,0.056872,0.053072112,-0.007230974,-0.0464652,0.120290813,0.109655331,0.01065349,0.108032154,0.091421,0.044303256,0.422865972,-0.07430869,0.049641026
1/1/09,-0.097025673,-0.044454,-0.034653682,0.061309579,0.0419103,-0.080825959,-0.084766303,-0.08428645,-0.114020727,-0.105931,0.01047474,-0.148119421,-0.113703987,0.016855579
2/1/09,-0.130547515,-0.00192,0.03302495,-0.01773118,0.0283346,-0.148267009,-0.147675102,-0.1064779,-0.126882685,-0.004178,-0.019456586,-0.268897129,-0.097275423,-0.01965118
3/1/09,0.15702169,0.032915,0.114651076,0.025553928,-0.0222233,0.160889224,0.159866581,0.08759148,0.140610211,0.057347,-0.002965658,0.117360687,0.09729253,0.058468928
4/1/09,0.105001932,-0.035787,0.071132502,0.017127001,-0.0206472,0.092502434,0.083505597,0.09570942,0.116203556,-0.061338,0.030256725,0.242674178,0.044771324,-0.018659999
5/1/09,0.1267064,-0.016442,0.031801342,0.037485692,-0.0656936,0.07694593,0.077394298,0.05590373,0.153733036,-0.025809,0.032711587,0.100732212,0.195285057,0.021043692
6/1/09,-0.021399759,0.002851,0.061837895,0.001723861,0.0204581,-0.017931034,-0.018903552,0.001983566,-0.020111688,0.006795,0.039184159,-0.048287851,-0.030867639,0.004574861
7/1/09,0.099773231,0.008263,0.020338472,-0.007526996,-0.0350956,0.089044944,0.087280563,0.07563771,0.104658009,0.007232,0.034431812,0.107183628,0.040091757,0.000736004
8/1/09,-9.23E-06,0.010147,0.059749975,-0.001367409,0.0008486,-0.003868971,-0.00208915,0.03608372,0.009507311,0.020938,0.02735779,0.049355117,-0.076476469,0.008779591
9/1/09,0.041168086,0.010324,0.017864883,0.010727672,-0.0200461,0.036250647,0.033422827,0.03731519,0.036019378,0.016535,0.024102743,0.071343394,0.018790665,0.021051672
10/1/09,0.006594848,-0.003575,0.010129278,0.015847403,-0.0037517,0.007496252,0.013871361,-0.01857708,0.002537896,-0.01416,0.001962002,-0.002572152,0.08049207,0.012272403
11/1/09,0.060426066,0.018977,0.031347868,0.00884119,-0.019951,0.063740079,0.065953471,0.060022,0.053356817,0.01841,0.012078077,0.076832734,0.011743117,0.02781819
12/1/09,0.000832214,-0.037937,0.015153727,0.016018839,0.0305587,0.013989275,0.007102726,0.01936117,-0.010725896,-0.054419,-0.006517997,0.052289408,-0.001588723,-0.021918161
1/1/10,-0.035612382,0.020794,0.001553152,-0.004699626,0.0146967,-0.020694413,-0.022221831,-0.03597368,-0.043309927,0.029431,0.016478028,-0.030857754,-0.06551654,0.016094374
2/1/10,0.012675402,0.002013,0.030957441,-0.013579681,0.0023441,0.030993191,0.026829789,0.03098529,-0.001693202,-0.002964,0.005688247,0.041503488,0.030896331,-0.011566681
3/1/10,0.068509817,-0.014016,0.022395543,0.015325929,0.0010645,0.05830107,0.057475756,0.06037171,0.074916588,-0.013103,0.004263203,0.090172261,0.043425436,0.001309929
4/1/10,-0.00700468,0.016503,-0.035214146,0.007175702,0.0061944,0.02732946,0.021510471,0.0157877,-0.031780804,0.029069,0.016003762,0.095655817,0.019023415,0.023678702
5/1/10,-0.105162995,0.025297,0.013046609,-0.025339599,0.043053,-0.108923335,-0.107323748,-0.07985071,-0.104586245,0.040848,-0.003766263,-0.100621966,-0.149271532,-4.26E-05
6/1/10,-0.025183436,0.033857,0.034649532,-0.019628492,-0.0042662,-0.04090268,-0.038909182,-0.05235156,-0.019926019,0.044813,0.022200042,-0.028267518,-0.003629093,0.014228508
7/1/10,0.113870676,0.007935,0.001562647,-0.006464906,-0.04296,0.097058824,0.097133358,0.07010005,0.129543706,-0.000159,0.016188039,0.126314905,0.105138811,0.001470094
8/1/10,-0.031285142,0.035527,0.029684327,-0.018289236,0.017292,-0.038427167,-0.03805814,-0.04514775,-0.028892966,0.073081,0.01918972,-0.014271906,-0.058113934,0.017237764
9/1/10,0.072045141,-0.001972,0.024256753,0.007991626,-0.042043,0.065752788,0.062605012,0.08924477,0.071083091,-0.017073,0.011254898,0.01863734,0.07038944,0.006019626
10/1/10,0.033857565,-0.005209,-0.011158864,0.031725393,-0.0190405,0.034881186,0.03444652,0.03838446,0.032295365,-0.029154,0.001902705,0.047735785,0.028545895,0.026516393
11/1/10,-0.005277171,-0.007214,0.017617168,-0.009714175,0.0368094,0.026121761,0.020921974,0.000185957,-0.026194563,-0.016369,-0.016267937,-0.014366662,0.031531308,-0.016928175
12/1/10,0.060026883,-0.038909,0.021012876,0.023435662,-0.0213839,0.058714843,0.055965491,0.06708458,0.063608694,-0.03845,-0.00204565,0.05649389,0.066113065,-0.015473338
1/1/11,0.025354844,-0.000224,0.013380998,0.002162784,-0.0149041,0.026565833,0.029107391,0.02370133,0.038031746,-0.018943,0.000874141,0.022736235,0.026874429,0.001938784
2/1/11,0.006690737,-0.000203,0.004201372,0.008807718,-0.0127738,0.002077824,0.001260152,0.03425773,0.019255791,0.009301,0.009935575,0.011292931,0.054519713,0.008604718
3/1/11,0.01190195,-0.000481,0.015198273,0.010604275,-0.0096393,0.025070688,0.021454357,0.000428636,-0.01452019,0.000606,0.00035589,0.014927502,0.034763586,0.010123275
4/1/11,0.037912422,0.014547,0.004890122,0.010588375,-0.0336708,0.02096359,0.022722559,0.02961591,0.05729683,0.020522,0.017367702,0.046796791,0.029729197,0.025135375
5/1/11,-0.034733666,0.024937,-0.010043522,-0.02186226,0.0195983,-0.031880403,-0.03204652,-0.01124905,-0.039442654,0.033069,0.017345029,-0.018999843,-0.077535684,0.00307474
6/1/11,0.006030862,-0.005929,0.012343591,0.013985276,-0.0050481,0.020465116,0.020779312,-0.01664667,-0.004277173,-0.015913,-0.012912984,0.018549321,-0.045047181,0.008056276
7/1/11,-0.029705691,0.031082,-0.040062994,0.008058774,-0.0120451,-0.039744758,-0.038365479,-0.02033363,-0.029992536,0.043219,0.027237124,-0.024495618,0.028334386,0.039140774
8/1/11,-0.073066696,0.047503,-0.035955754,-0.039361938,0.0081465,-0.067970382,-0.061594999,-0.05432937,-0.077109813,0.082606,0.002528734,-0.058072514,-0.021868842,0.008141062
9/1/11,-0.114166095,0.029468,0.059561411,-0.031812448,0.0582175,-0.094112854,-0.085925906,-0.07029883,-0.12021947,0.072288,-0.001340244,-0.131199312,-0.124084641,-0.002344448
10/1/11,0.099737117,-0.012101,-0.022108119,0.030714152,-0.0320554,0.117157634,0.109822346,0.1092931,0.076465084,-0.022895,0.017495377,0.148804495,0.096832946,0.018613152
11/1/11,0.008729353,0.008685,0.024785368,-0.000958326,0.0265943,0.023752013,0.024542819,-0.002180241,-0.002048527,0.016038,-0.025009687,-0.011151746,0.018495011,0.007726674
12/1/11,-0.003118578,0.019019,0.029030378,-0.018655615,0.013755,0.01179709,0.012126951,0.01031991,-0.006283107,0.027565,0.020888588,0.057262283,-0.015720851,0.000363385
1/1/12,0.069468634,0.008827,0.022783854,0.014130608,-0.0099909,0.06043529,0.054335936,0.04481612,0.066571643,0.000123,0.02018093,0.073675218,0.022458402,0.022957608
2/1/12,0.040891293,-0.010592,-0.000934428,0.00728956,-0.0063803,0.03793293,0.040252745,0.04324939,0.039079346,-0.020789,0.008090673,-0.009799221,0.075099765,-0.00330244
3/1/12,0.01268033,-0.019458,0.010219046,0.008698416,0.0083256,0.032309322,0.034295719,0.03290978,0.002436487,-0.035932,-0.002810915,0.045863699,-0.020414742,-0.010759584
4/1/12,-0.017765398,0.028413,-0.012070227,-0.008172418,-0.0064164,-0.009748589,-0.008158004,-0.006275815,-0.028465048,0.04163,0.010097029,0.028546637,-0.017843113,0.020240582
5/1/12,-0.10870628,0.03144,0.020328119,-0.014707439,0.0462545,-0.089982729,-0.088383252,-0.06010153,-0.125668683,0.082921,0.010907326,-0.070000895,-0.155353484,0.016732561
6/1/12,0.075516657,-0.006625,0.019163388,0.00106983,-0.0149309,0.070411843,0.070151712,0.04120416,0.088882151,-0.016865,0.007241282,0.096637612,0.03497589,-0.00555517
7/1/12,0.008627348,0.015792,0.012060659,0.003166173,0.0015651,0.002659574,0.008433042,0.01389405,0.006648985,0.03525,0.020167415,0.008128485,0.070376006,0.018958173
8/1/12,0.025581885,-0.002442,0.014247551,-0.000436191,-0.0132867,0.02847038,0.025468554,0.02255553,0.032194021,-0.012587,0.006337366,0.008833027,0.060667407,-0.002878191
9/1/12,0.035400728,-0.006372,0.008248518,0.011457736,-0.0118344,0.028198074,0.02861168,0.02584171,0.037395204,-0.020368,0.008631698,-0.01494192,-0.012367646,0.005085736
10/1/12,-0.003296891,-0.002909,0.00741776,0.011558868,0.0060781,-0.008361204,-0.01033353,-0.01844798,0.004170379,-0.002611,0.009543764,0.004423493,-0.040773917,0.008649868
11/1/12,0.004109214,0.00938,0.015857433,-0.004600663,0.0023198,-0.009274874,-0.009857848,0.006020515,0.018237461,0.011232,0.000657069,-0.004803542,0.014132459,0.004779337
12/1/12,0.023949319,-0.008797,0.013761082,0.002286188,0.0023363,0.016510638,0.013915188,0.009642736,0.026949094,-0.017688,0.00029565,0.02858659,-0.007605638,-0.006510812
1/1/13,0.054096597,-0.014939,0.004631836,0.00821574,-0.0007411,0.064634963,0.062391006,0.05179062,0.055686914,-0.032754,-0.008497434,0.049397725,0.049272572,-0.00672326
2/1/13,-0.009408649,0.011635,0.010303962,-0.011327329,0.0305272,0.005033029,0.005817286,0.01357673,-0.023168791,0.012462,0.009970569,0.010850049,-0.057203627,0.000307671
3/1/13,0.016653365,0.003768,0.01857032,-0.00093146,0.0080132,0.030985915,0.030510477,0.03750474,0.011736482,-0.001676,0.000396255,0.030572543,0.01340011,0.00283654
4/1/13,0.027711699,0.017563,-0.005312165,-0.009622706,-0.0102054,0.011839709,0.01430501,0.01926471,0.048162167,0.038864,0.018339109,0.046966756,-0.064937153,0.007940294
5/1/13,0.003285301,-0.031221,-0.026360073,-0.012360161,0.0241486,0.03960396,0.039193722,0.02338793,-0.023535069,-0.057787,-0.024676073,-0.053976827,0.018295488,-0.043581161
6/1/13,-0.021432955,-0.029891,0.018804657,-0.005954588,0.0026804,-0.011399711,-0.013933848,-0.01333565,-0.022486639,-0.034452,-0.027607882,-0.030297443,-0.001446376,-0.035845588
7/1/13,0.052279672,-0.004527,-0.007049836,0.011823326,-0.0159142,0.061304919,0.058322369,0.043,0.05287516,-0.016208,0.000346415,0.004873005,0.054353718,0.007296326
8/1/13,-0.024885959,-0.012869,0.010782829,-0.00169075,0.0089325,-0.041534865,-0.041082909,-0.0289,-0.009472288,-0.011093,-0.000121056,-0.058239258,0.020761272,-0.01455975
9/1/13,0.052518791,0.017924,0.024584523,-0.003444629,-0.0235694,0.044913187,0.039678177,0.0314,0.061786933,0.008511,0.00666267,0.049865004,-0.038356163,0.014479371
10/1/13,0.029890019,0.006915,0.004642847,-0.001417094,0.0025048,0.036391101,0.040615048,0.0449,0.019220573,0.011196,0.012553665,0.031453668,-0.026239805,0.005497906
11/1/13,0.01367753,-0.012242,0.005486672,0.001414943,0.0111783,0.023188022,0.024733981,0.0304,0.009773531,-0.022515,-0.002253058,-0.054978914,0.014428311,-0.010827057
12/1/13,0.022055215,-0.021754,0.007392992,0.007074496,-0.0006243,0.029008029,0.028070718,0.023563,0.021909064,-0.020537,0.001274251,0.014987206,0.013694153,-0.014679504
1/1/14,-0.055094611,0.035655,0.020045624,-0.015889805,0.0190078,-0.054870375,-0.056618581,-0.035583,-0.049005801,0.057749,0.02231534,0.015713497,-0.021333005,0.019765195
2/1/14,0.052725026,0.004406,0.002312524,3.88E-05,-0.013489,0.064580559,0.062339405,0.043117,0.046232384,0.006708,0.00872084,0.065499932,0.067488455,0.004444768
3/1/14,0.02353659,-0.003935,0.00693106,-0.00078027,0.0011201,0.022263915,0.023069145,0.006932,0.017895387,0.004409,-0.002536067,0.007657318,-0.026826717,-0.00471527
4/1/14,0.005568989,0.008403,0.010061007,0.005080965,-0.0075397,-0.005872996,0.000203928,0.006201,0.015677607,0.017718,0.015837453,0.029376126,0.013927919,0.013483965
5/1/14,0.022054004,0.019118,0.008457804,0.00209739,0.0051571,0.022276923,0.02439157,0.02103,0.015413291,0.025147,0.00812037,0.024266807,0.002440919,0.02121539
6/1/14,0.02389183,-0.002418,-0.013228297,0.005410958,-0.0096704,0.030821093,0.026817488,0.019058,0.019005726,-0.003278,0.002725756,0.013135063,0.021637657,0.002992958
7/1/14,-0.022634135,-0.00016,0.015197426,0.00044085,0.0197026,-0.028147629,-0.023310388,-0.01508,-0.03147599,0.008294,0.00320899,-0.006735188,-0.058104299,0.00028085
8/1/14,0.02779283,0.018782,-0.020976372,-0.014430054,0.009927,0.043744742,0.042987635,0.037655,0.008298859,0.038171,0.012999366,0.035688727,-0.009703186,0.004351946
9/1/14,-0.042744911,-0.010631,0.01138305,-0.014319204,0.039788,-0.033390904,-0.026996891,-0.015514,-0.048614382,-0.015959,-0.006966418,-0.055390012,-0.062227303,-0.024950204
10/1/14,0.013015589,0.013129,-0.007148657,-0.00463529,0.0096727,0.041572365,0.037969782,0.023201,-0.019296794,0.027575,0.003060518,0.093608402,-0.064498111,0.00849371
11/1/14,0.015442603,0.014195,-0.014748043,-0.011565291,0.0186412,0.016468435,0.020037556,0.024534,0.021750652,0.029607,0.004313109,0.012603692,-0.082710474,0.002629709
12/1/14,-0.012000432,0.001414,0.00689767,-0.012720444,0.0202812,0.007650765,0.004297458,-0.004189,-0.029958033,0.028092,0.001226032,0.014301962,-0.155282298,-0.011306444
1/1/15,-0.00630367,,0.023858027,0.031475175,0.0544619,-0.015855293,-0.017422799,,0.002980564,0.075035,0.027834772,0.054097018,-0.059164229,0.031475175
2/1/15,0.048303048,,-0.005311913,-0.012025162,0.0004256,0.050828228,0.050370108,,0.049694104,-0.053983,-0.013355861,-0.019235541,0.026451144,-0.012025162
3/1/15,-0.017028594,,0.011992371,-0.004749006,0.0259934,-0.020837832,-0.025619124,,-0.010972537,0.013056,0.012445424,0.006205265,-0.025507177,-0.004749006
4/1/15,0.034374928,,0.002960266,0.007387247,-0.0331514,0.018965707,0.024556535,,0.040044166,-0.025514,-0.013745165,-0.040538187,0.078845932,0.007387247
5/1/15,-0.005394449,,-0.015252622,-0.008210238,0.0208726,0.00508603,0.00407816,,-0.009130655,-0.020597,-0.006990434,0.002632336,-0.01737326,-0.008210238
6/1/15,-0.016618604,,-0.006152729,-0.009764036,-0.0107617,-0.013242894,-0.014444917,,-0.018180568,-0.027738,-0.014403086,-0.039644432,-0.018004437,-0.009764036
7/1/15,-0.000457727,,-0.017617143,0.002072095,0.0239962,0.007746863,0.010879434,,0.007697232,0.039302,0.013268343,0.039278218,-0.147468834,0.002072095
8/1/15,-0.08982109,,-0.025941462,-0.007629506,-0.0028744,-0.083910784,-0.085561065,,-0.093335818,-0.00734,-0.009084913,-0.078912824,-0.015768404,-0.007629506
9/1/15,-0.005296673,,0.027258758,-0.005891863,0.0049892,0.003427491,0.006984592,,-0.02037659,0.024734,0.004619533,0.04241779,-0.027452797,-0.005891863
10/1/15,0.079885665,,-0.02244793,0.002529724,-0.0032779,0.092108363,0.094992514,,0.06434855,-0.007161,0.003612723,0.07924274,0.001611498,0.002529724
11/1/15,-0.003348217,,-0.025789976,-0.000973289,0.0302791,0.001941329,0.001870006,,-0.004572521,-0.00563,0.00303593,-0.010844289,-0.078083884,-0.000973289
12/1/15,-0.027113287,,-0.015817592,-0.007938226,-0.0036245,-0.02949408,-0.026251331,,-0.025108427,-0.004583,-0.012571792,-0.000828166,-0.090491033,-0.007938226
1/1/16,-0.057569195,,0.004645678,,0.0119706,-0.055124224,-0.050016689,,-0.061895751,0.049933,0.001673979,-0.033952856,-0.076118059,
2/1/16,,,0.044208119,,-0.0234017,0.023711703,0.022927312,,-0.011060903,0.028198,0.006360321,0.021567203,0.009421101,
3/1/16,,,0.039952712,,-0.0375629,0.051943584,0.049537295,,0.036115746,0.001023,0.030894361,0.072565733,0.022857947,
4/1/16,,,0.007221394,,-0.0200159,0.008720296,0.005353706,,0.051410554,,0.011063278,-0.002170745,0.109345509,
5/1/16,,,0.010833064,,0.0330489,0.01177869,0.011374573,,-0.010806742,,0.001398363,0.009774574,0.039372876,
6/1/16,,,0.025964161,,-0.0034907,0.003738118,0.003426239,,-0.01829728,,0.025797666,0.066622168,0.005294463,