DATE,WTB3MS
1/8/1954,1.3
1/15/1954,1.28
1/22/1954,1.11
1/29/1954,1.01
2/5/1954,0.99
2/12/1954,0.91
2/19/1954,0.98
2/26/1954,0.98
3/5/1954,1.03
3/12/1954,1.04
3/19/1954,1.02
3/26/1954,1.03
4/2/1954,1.03
4/9/1954,1
4/16/1954,1.04
4/23/1954,0.99
4/30/1954,0.82
5/7/1954,0.75
5/14/1954,0.8
5/21/1954,0.79
5/28/1954,0.71
6/4/1954,0.69
6/11/1954,0.61
6/18/1954,0.63
6/25/1954,0.62
7/2/1954,0.65
7/9/1954,0.66
7/16/1954,0.72
7/23/1954,0.74
7/30/1954,0.78
8/6/1954,0.79
8/13/1954,0.91
8/20/1954,0.92
8/27/1954,0.99
9/3/1954,1.03
9/10/1954,1.02
9/17/1954,1.02
9/24/1954,0.99
10/1/1954,0.99
10/8/1954,0.94
10/15/1954,0.98
10/22/1954,1
10/29/1954,1
11/5/1954,1
11/12/1954,0.9
11/19/1954,0.89
11/26/1954,0.92
12/3/1954,1.02
12/10/1954,1.09
12/17/1954,1.25
12/24/1954,1.23
12/31/1954,1.08
1/7/1955,1.09
1/14/1955,1.28
1/21/1955,1.32
1/28/1955,1.24
2/4/1955,1.11
2/11/1955,1.05
2/18/1955,1.16
2/25/1955,1.35
3/4/1955,1.29
3/11/1955,1.23
3/18/1955,1.26
3/25/1955,1.3
4/1/1955,1.37
4/8/1955,1.5
4/15/1955,1.63
4/22/1955,1.65
4/29/1955,1.62
5/6/1955,1.55
5/13/1955,1.42
5/20/1955,1.41
5/27/1955,1.44
6/3/1955,1.37
6/10/1955,1.41
6/17/1955,1.47
6/24/1955,1.37
7/1/1955,1.43
7/8/1955,1.51
7/15/1955,1.57
7/22/1955,1.61
7/29/1955,1.71
8/5/1955,1.88
8/12/1955,1.87
8/19/1955,1.84
8/26/1955,1.9
9/2/1955,2.08
9/9/1955,2.1
9/16/1955,2.06
9/23/1955,1.99
9/30/1955,2.11
10/7/1955,2.21
10/14/1955,2.26
10/21/1955,2.25
10/28/1955,2.21
11/4/1955,2.06
11/11/1955,2.05
11/18/1955,2.29
11/25/1955,2.41
12/2/1955,2.41
12/9/1955,2.48
12/16/1955,2.54
12/23/1955,2.63
12/30/1955,2.58
1/6/1956,2.51
1/13/1956,2.53
1/20/1956,2.39
1/27/1956,2.28
2/3/1956,2.29
2/10/1956,2.26
2/17/1956,2.35
2/24/1956,2.4
3/2/1956,2.24
3/9/1956,2.24
3/16/1956,2.36
3/23/1956,2.26
3/30/1956,2.21
4/6/1956,2.38
4/13/1956,2.55
4/20/1956,2.74
4/27/1956,2.71
5/4/1956,2.61
5/11/1956,2.55
5/18/1956,2.67
5/25/1956,2.65
6/1/1956,2.55
6/8/1956,2.53
6/15/1956,2.51
6/22/1956,2.41
6/29/1956,2.48
7/6/1956,2.34
7/13/1956,2.33
7/20/1956,2.26
7/27/1956,2.32
8/3/1956,2.29
8/10/1956,2.4
8/17/1956,2.64
8/24/1956,2.82
8/31/1956,2.72
9/7/1956,2.69
9/14/1956,2.79
9/21/1956,2.91
9/28/1956,2.94
10/5/1956,2.87
10/12/1956,2.96
10/19/1956,2.94
10/26/1956,2.86
11/2/1956,2.85
11/9/1956,2.9
11/16/1956,2.99
11/23/1956,3.05
11/30/1956,3.08
12/7/1956,3.12
12/14/1956,3.24
12/21/1956,3.27
12/28/1956,3.2
1/4/1957,3.16
1/11/1957,3.08
1/18/1957,3.09
1/25/1957,3.1
2/1/1957,3.16
2/8/1957,3.05
2/15/1957,3
2/22/1957,3.15
3/1/1957,3.25
3/8/1957,3.18
3/15/1957,3.15
3/22/1957,3
3/29/1957,2.97
4/5/1957,3.03
4/12/1957,3.13
4/19/1957,3.11
4/26/1957,3.02
5/3/1957,3
5/10/1957,2.93
5/17/1957,2.98
5/24/1957,3.14
5/31/1957,3.26
6/7/1957,3.3
6/14/1957,3.27
6/21/1957,3.36
6/28/1957,3.23
7/5/1957,3.19
7/12/1957,3.13
7/19/1957,3.04
7/26/1957,3.18
8/2/1957,3.34
8/9/1957,3.29
8/16/1957,3.4
8/23/1957,3.32
8/30/1957,3.47
9/6/1957,3.54
9/13/1957,3.55
9/20/1957,3.58
9/27/1957,3.48
10/4/1957,3.49
10/11/1957,3.54
10/18/1957,3.64
10/25/1957,3.59
11/1/1957,3.59
11/8/1957,3.51
11/15/1957,3.38
11/22/1957,3.12
11/29/1957,3.14
12/6/1957,3.07
12/13/1957,3.01
12/20/1957,3.12
12/27/1957,3.1
1/3/1958,2.77
1/10/1958,2.75
1/17/1958,2.57
1/24/1958,2.37
1/31/1958,1.92
2/7/1958,1.65
2/14/1958,1.69
2/21/1958,1.61
2/28/1958,1.22
3/7/1958,1.39
3/14/1958,1.39
3/21/1958,1.33
3/28/1958,1.11
4/4/1958,1.09
4/11/1958,1.1
4/18/1958,1.13
4/25/1958,1.13
5/2/1958,1.23
5/9/1958,1.11
5/16/1958,1.02
5/23/1958,0.74
5/30/1958,0.58
6/6/1958,0.71
6/13/1958,0.83
6/20/1958,0.92
6/27/1958,0.9
7/4/1958,0.79
7/11/1958,0.95
7/18/1958,0.94
7/25/1958,0.88
8/1/1958,0.94
8/8/1958,1.2
8/15/1958,1.58
8/22/1958,1.91
8/29/1958,2.23
9/5/1958,2.32
9/12/1958,2.37
9/19/1958,2.45
9/26/1958,2.48
10/3/1958,2.7
10/10/1958,2.64
10/17/1958,2.67
10/24/1958,2.69
10/31/1958,2.53
11/7/1958,2.49
11/14/1958,2.71
11/21/1958,2.73
11/28/1958,2.73
12/5/1958,2.79
12/12/1958,2.82
12/19/1958,2.82
12/26/1958,2.71
1/2/1959,2.67
1/9/1959,2.72
1/16/1959,2.86
1/23/1959,2.97
1/30/1959,2.77
2/6/1959,2.7
2/13/1959,2.72
2/20/1959,2.63
2/27/1959,2.76
3/6/1959,2.84
3/13/1959,2.85
3/20/1959,2.77
3/27/1959,2.76
4/3/1959,2.84
4/10/1959,2.96
4/17/1959,3.09
4/24/1959,2.98
5/1/1959,2.81
5/8/1959,2.83
5/15/1959,2.76
5/22/1959,2.85
5/29/1959,2.92
6/5/1959,3.15
6/12/1959,3.27
6/19/1959,3.24
6/26/1959,3.22
7/3/1959,3.16
7/10/1959,3.28
7/17/1959,3.37
7/24/1959,3.15
7/31/1959,3.01
8/7/1959,3
8/14/1959,3.17
8/21/1959,3.5
8/28/1959,3.73
9/4/1959,3.95
9/11/1959,4.02
9/18/1959,4.13
9/25/1959,3.98
10/2/1959,4.1
10/9/1959,4.02
10/16/1959,4.24
10/23/1959,3.99
10/30/1959,4
11/6/1959,4.03
11/13/1959,4.04
11/20/1959,4.2
11/27/1959,4.25
12/4/1959,4.5
12/11/1959,4.48
12/18/1959,4.49
12/25/1959,4.58
1/1/1960,4.4
1/8/1960,4.59
1/15/1960,4.53
1/22/1960,4.27
1/29/1960,4.01
2/5/1960,3.94
2/12/1960,3.67
2/19/1960,4.04
2/26/1960,4.14
3/4/1960,3.92
3/11/1960,3.6
3/18/1960,3.41
3/25/1960,2.84
4/1/1960,2.88
4/8/1960,2.96
4/15/1960,3.56
4/22/1960,3.34
4/29/1960,3.19
5/6/1960,3.08
5/13/1960,3.32
5/20/1960,3.5
5/27/1960,3.29
6/3/1960,2.94
6/10/1960,2.61
6/17/1960,2.31
6/24/1960,2.39
7/1/1960,2.18
7/8/1960,2.27
7/15/1960,2.41
7/22/1960,2.31
7/29/1960,2.24
8/5/1960,2.13
8/12/1960,2.18
8/19/1960,2.31
8/26/1960,2.43
9/2/1960,2.53
9/9/1960,2.56
9/16/1960,2.58
9/23/1960,2.43
9/30/1960,2.35
10/7/1960,2.41
10/14/1960,2.55
10/21/1960,2.23
10/28/1960,2.11
11/4/1960,2.2
11/11/1960,2.4
11/18/1960,2.46
11/25/1960,2.38
12/2/1960,2.35
12/9/1960,2.28
12/16/1960,2.25
12/23/1960,2.24
12/30/1960,2.19
1/6/1961,2.28
1/13/1961,2.28
1/20/1961,2.25
1/27/1961,2.17
2/3/1961,2.29
2/10/1961,2.35
2/17/1961,2.41
2/24/1961,2.51
3/3/1961,2.56
3/10/1961,2.44
3/17/1961,2.35
3/24/1961,2.28
3/31/1961,2.38
4/7/1961,2.36
4/14/1961,2.31
4/21/1961,2.25
4/28/1961,2.23
5/5/1961,2.22
5/12/1961,2.23
5/19/1961,2.29
5/26/1961,2.39
6/2/1961,2.39
6/9/1961,2.4
6/16/1961,2.32
6/23/1961,2.31
6/30/1961,2.27
7/7/1961,2.31
7/14/1961,2.25
7/21/1961,2.19
7/28/1961,2.22
8/4/1961,2.28
8/11/1961,2.38
8/18/1961,2.5
8/25/1961,2.43
9/1/1961,2.34
9/8/1961,2.32
9/15/1961,2.29
9/22/1961,2.26
9/29/1961,2.25
10/6/1961,2.28
10/13/1961,2.35
10/20/1961,2.29
10/27/1961,2.29
11/3/1961,2.28
11/10/1961,2.4
11/17/1961,2.53
11/24/1961,2.54
12/1/1961,2.56
12/8/1961,2.58
12/15/1961,2.59
12/22/1961,2.61
12/29/1961,2.66
1/5/1962,2.72
1/12/1962,2.78
1/19/1962,2.73
1/26/1962,2.67
2/2/1962,2.69
2/9/1962,2.7
2/16/1962,2.81
2/23/1962,2.74
3/2/1962,2.69
3/9/1962,2.74
3/16/1962,2.74
3/23/1962,2.7
3/30/1962,2.73
4/6/1962,2.72
4/13/1962,2.74
4/20/1962,2.72
4/27/1962,2.73
5/4/1962,2.74
5/11/1962,2.67
5/18/1962,2.67
5/25/1962,2.69
6/1/1962,2.68
6/8/1962,2.65
6/15/1962,2.69
6/22/1962,2.73
6/29/1962,2.84
7/6/1962,2.92
7/13/1962,2.97
7/20/1962,2.95
7/27/1962,2.88
8/3/1962,2.85
8/10/1962,2.83
8/17/1962,2.84
8/24/1962,2.82
8/31/1962,2.8
9/7/1962,2.82
9/14/1962,2.78
9/21/1962,2.77
9/28/1962,2.75
10/5/1962,2.75
10/12/1962,2.76
10/19/1962,2.74
10/26/1962,2.74
11/2/1962,2.74
11/9/1962,2.82
11/16/1962,2.83
11/23/1962,2.84
11/30/1962,2.86
12/7/1962,2.85
12/14/1962,2.84
12/21/1962,2.88
12/28/1962,2.89
1/4/1963,2.89
1/11/1963,2.9
1/18/1963,2.9
1/25/1963,2.93
2/1/1963,2.93
2/8/1963,2.95
2/15/1963,2.93
2/22/1963,2.9
3/1/1963,2.9
3/8/1963,2.89
3/15/1963,2.88
3/22/1963,2.9
3/29/1963,2.91
4/5/1963,2.91
4/12/1963,2.9
4/19/1963,2.9
4/26/1963,2.89
5/3/1963,2.9
5/10/1963,2.91
5/17/1963,2.9
5/24/1963,2.94
5/31/1963,2.98
6/7/1963,3
6/14/1963,2.98
6/21/1963,2.98
6/28/1963,2.99
7/5/1963,3.03
7/12/1963,3.22
7/19/1963,3.19
7/26/1963,3.19
8/2/1963,3.24
8/9/1963,3.26
8/16/1963,3.32
8/23/1963,3.36
8/30/1963,3.39
9/6/1963,3.36
9/13/1963,3.36
9/20/1963,3.41
9/27/1963,3.38
10/4/1963,3.41
10/11/1963,3.45
10/18/1963,3.47
10/25/1963,3.44
11/1/1963,3.47
11/8/1963,3.54
11/15/1963,3.55
11/22/1963,3.51
11/29/1963,3.48
12/6/1963,3.52
12/13/1963,3.5
12/20/1963,3.53
12/27/1963,3.52
1/3/1964,3.52
1/10/1964,3.53
1/17/1964,3.54
1/24/1964,3.52
1/31/1964,3.5
2/7/1964,3.51
2/14/1964,3.52
2/21/1964,3.53
2/28/1964,3.56
3/6/1964,3.56
3/13/1964,3.54
3/20/1964,3.54
3/27/1964,3.54
4/3/1964,3.52
4/10/1964,3.48
4/17/1964,3.47
4/24/1964,3.45
5/1/1964,3.45
5/8/1964,3.49
5/15/1964,3.47
5/22/1964,3.47
5/29/1964,3.47
6/5/1964,3.47
6/12/1964,3.47
6/19/1964,3.49
6/26/1964,3.47
7/3/1964,3.48
7/10/1964,3.48
7/17/1964,3.43
7/24/1964,3.46
7/31/1964,3.46
8/7/1964,3.48
8/14/1964,3.51
8/21/1964,3.5
8/28/1964,3.5
9/4/1964,3.5
9/11/1964,3.52
9/18/1964,3.54
9/25/1964,3.54
10/2/1964,3.55
10/9/1964,3.57
10/16/1964,3.59
10/23/1964,3.58
10/30/1964,3.56
11/6/1964,3.57
11/13/1964,3.58
11/20/1964,3.61
11/27/1964,3.79
12/4/1964,3.82
12/11/1964,3.81
12/18/1964,3.86
12/25/1964,3.86
1/1/1965,3.83
1/8/1965,3.8
1/15/1965,3.77
1/22/1965,3.81
1/29/1965,3.85
2/5/1965,3.89
2/12/1965,3.9
2/19/1965,3.94
2/26/1965,3.99
3/5/1965,3.96
3/12/1965,3.94
3/19/1965,3.92
3/26/1965,3.91
4/2/1965,3.92
4/9/1965,3.93
4/16/1965,3.93
4/23/1965,3.93
4/30/1965,3.91
5/7/1965,3.89
5/14/1965,3.89
5/21/1965,3.9
5/28/1965,3.88
6/4/1965,3.85
6/11/1965,3.81
6/18/1965,3.8
6/25/1965,3.78
7/2/1965,3.81
7/9/1965,3.87
7/16/1965,3.86
7/23/1965,3.82
7/30/1965,3.81
8/6/1965,3.84
8/13/1965,3.83
8/20/1965,3.82
8/27/1965,3.86
9/3/1965,3.88
9/10/1965,3.9
9/17/1965,3.88
9/24/1965,3.94
10/1/1965,4.02
10/8/1965,4.01
10/15/1965,4.01
10/22/1965,4.04
10/29/1965,4.05
11/5/1965,4.07
11/12/1965,4.07
11/19/1965,4.09
11/26/1965,4.11
12/3/1965,4.12
12/10/1965,4.34
12/17/1965,4.41
12/24/1965,4.48
12/31/1965,4.48
1/7/1966,4.54
1/14/1966,4.6
1/21/1966,4.62
1/28/1966,4.58
2/4/1966,4.64
2/11/1966,4.64
2/18/1966,4.67
2/25/1966,4.66
3/4/1966,4.62
3/11/1966,4.63
3/18/1966,4.64
3/25/1966,4.51
4/1/1966,4.52
4/8/1966,4.54
4/15/1966,4.65
4/22/1966,4.65
4/29/1966,4.64
5/6/1966,4.67
5/13/1966,4.61
5/20/1966,4.64
5/27/1966,4.64
6/3/1966,4.59
6/10/1966,4.58
6/17/1966,4.53
6/24/1966,4.4
7/1/1966,4.47
7/8/1966,4.69
7/15/1966,4.87
7/22/1966,4.9
7/29/1966,4.73
8/5/1966,4.82
8/12/1966,4.88
8/19/1966,5.06
8/26/1966,5.02
9/2/1966,5.07
9/9/1966,5.2
9/16/1966,5.42
9/23/1966,5.54
9/30/1966,5.4
10/7/1966,5.39
10/14/1966,5.45
10/21/1966,5.37
10/28/1966,5.23
11/4/1966,5.3
11/11/1966,5.41
11/18/1966,5.39
11/25/1966,5.26
12/2/1966,5.17
12/9/1966,5.16
12/16/1966,4.97
12/23/1966,4.82
12/30/1966,4.8
1/6/1967,4.8
1/13/1967,4.81
1/20/1967,4.71
1/27/1967,4.66
2/3/1967,4.49
2/10/1967,4.54
2/17/1967,4.61
2/24/1967,4.61
3/3/1967,4.46
3/10/1967,4.37
3/17/1967,4.28
3/24/1967,4.15
3/31/1967,4.13
4/7/1967,3.95
4/14/1967,3.85
4/21/1967,3.83
4/28/1967,3.72
5/5/1967,3.72
5/12/1967,3.66
5/19/1967,3.59
5/26/1967,3.5
6/2/1967,3.43
6/9/1967,3.41
6/16/1967,3.57
6/23/1967,3.47
6/30/1967,3.75
7/7/1967,4.2
7/14/1967,4.18
7/21/1967,4.2
7/28/1967,4.25
8/4/1967,4.16
8/11/1967,4.17
8/18/1967,4.21
8/25/1967,4.36
9/1/1967,4.41
9/8/1967,4.3
9/15/1967,4.37
9/22/1967,4.54
9/29/1967,4.47
10/6/1967,4.49
10/13/1967,4.57
10/20/1967,4.62
10/27/1967,4.56
11/3/1967,4.57
11/10/1967,4.64
11/17/1967,4.63
11/24/1967,4.86
12/1/1967,4.93
12/8/1967,4.92
12/15/1967,4.97
12/22/1967,4.98
12/29/1967,5.01
1/5/1968,5.01
1/12/1968,5.07
1/19/1968,5.02
1/26/1968,4.97
2/2/1968,4.85
2/9/1968,5
2/16/1968,4.97
2/23/1968,4.97
3/1/1968,5.03
3/8/1968,5.04
3/15/1968,5.26
3/22/1968,5.25
3/29/1968,5.14
4/5/1968,5.2
4/12/1968,5.35
4/19/1968,5.4
4/26/1968,5.5
5/3/1968,5.5
5/10/1968,5.53
5/17/1968,5.68
5/24/1968,5.82
5/31/1968,5.7
6/7/1968,5.66
6/14/1968,5.69
6/21/1968,5.45
6/28/1968,5.3
7/5/1968,5.35
7/12/1968,5.37
7/19/1968,5.38
7/26/1968,5.23
8/2/1968,5.09
8/9/1968,4.96
8/16/1968,5.12
8/23/1968,5.15
8/30/1968,5.19
9/6/1968,5.21
9/13/1968,5.28
9/20/1968,5.18
9/27/1968,5.12
10/4/1968,5.2
10/11/1968,5.32
10/18/1968,5.35
10/25/1968,5.4
11/1/1968,5.48
11/8/1968,5.49
11/15/1968,5.42
11/22/1968,5.43
11/29/1968,5.47
12/6/1968,5.66
12/13/1968,5.84
12/20/1968,6.03
12/27/1968,6.22
1/3/1969,6.2
1/10/1969,6.18
1/17/1969,6.11
1/24/1969,6.11
1/31/1969,6.16
2/7/1969,6.19
2/14/1969,6.09
2/21/1969,6.09
2/28/1969,6.11
3/7/1969,6.11
3/14/1969,6.01
3/21/1969,6
3/28/1969,5.94
4/4/1969,6.05
4/11/1969,6.15
4/18/1969,6.2
4/25/1969,6.13
5/2/1969,5.93
5/9/1969,5.98
5/16/1969,6.08
5/23/1969,6.06
5/30/1969,6.1
6/6/1969,6.26
6/13/1969,6.67
6/20/1969,6.56
6/27/1969,6.3
7/4/1969,6.63
7/11/1969,6.96
7/18/1969,7.02
7/25/1969,7.12
8/1/1969,7.09
8/8/1969,6.98
8/15/1969,7
8/22/1969,6.87
8/29/1969,7.07
9/5/1969,7.03
9/12/1969,7.11
9/19/1969,7.13
9/26/1969,7.1
10/3/1969,7.06
10/10/1969,6.99
10/17/1969,7.02
10/24/1969,6.94
10/31/1969,7
11/7/1969,7.07
11/14/1969,7.15
11/21/1969,7.25
11/28/1969,7.5
12/5/1969,7.6
12/12/1969,7.82
12/19/1969,7.88
12/26/1969,7.84
1/2/1970,8.02
1/9/1970,7.91
1/16/1970,7.83
1/23/1970,7.83
1/30/1970,7.89
2/6/1970,7.61
2/13/1970,7.2
2/20/1970,6.79
2/27/1970,6.88
3/6/1970,6.89
3/13/1970,6.76
3/20/1970,6.71
3/27/1970,6.16
4/3/1970,6.35
4/10/1970,6.4
4/17/1970,6.37
4/24/1970,6.59
5/1/1970,6.86
5/8/1970,6.82
5/15/1970,6.8
5/22/1970,6.73
5/29/1970,7
6/5/1970,6.82
6/12/1970,6.76
6/19/1970,6.71
6/26/1970,6.51
7/3/1970,6.46
7/10/1970,6.62
7/17/1970,6.46
7/24/1970,6.34
7/31/1970,6.37
8/7/1970,6.46
8/14/1970,6.53
8/21/1970,6.42
8/28/1970,6.25
9/4/1970,6.37
9/11/1970,6.4
9/18/1970,6.22
9/25/1970,5.8
10/2/1970,5.84
10/9/1970,6.03
10/16/1970,5.95
10/23/1970,5.83
10/30/1970,5.84
11/6/1970,5.56
11/13/1970,5.48
11/20/1970,5.19
11/27/1970,4.99
12/4/1970,4.97
12/11/1970,4.92
12/18/1970,4.77
12/25/1970,4.83
1/1/1971,4.88
1/8/1971,4.84
1/15/1971,4.51
1/22/1971,4.2
1/29/1971,4.2
2/5/1971,4.06
2/12/1971,3.7
2/19/1971,3.56
2/26/1971,3.43
3/5/1971,3.35
3/12/1971,3.28
3/19/1971,3.39
3/26/1971,3.37
4/2/1971,3.61
4/9/1971,3.79
4/16/1971,3.96
4/23/1971,3.81
4/30/1971,3.95
5/7/1971,3.85
5/14/1971,3.96
5/21/1971,4.37
5/28/1971,4.39
6/4/1971,4.3
6/11/1971,4.59
6/18/1971,4.95
6/25/1971,4.87
7/2/1971,5.19
7/9/1971,5.42
7/16/1971,5.38
7/23/1971,5.46
7/30/1971,5.4
8/6/1971,5.29
8/13/1971,5.25
8/20/1971,4.71
8/27/1971,4.68
9/3/1971,4.49
9/10/1971,4.63
9/17/1971,4.8
9/24/1971,4.75
10/1/1971,4.64
10/8/1971,4.53
10/15/1971,4.44
10/22/1971,4.47
10/29/1971,4.36
11/5/1971,4.18
11/12/1971,4.18
11/19/1971,4.14
11/26/1971,4.34
12/3/1971,4.28
12/10/1971,4.11
12/17/1971,4.04
12/24/1971,4.02
12/31/1971,3.73
1/7/1972,3.6
1/14/1972,3.17
1/21/1972,3.32
1/28/1972,3.46
2/4/1972,3.36
2/11/1972,3.1
2/18/1972,3.05
2/25/1972,3.23
3/3/1972,3.45
3/10/1972,3.57
3/17/1972,3.87
3/24/1972,3.82
3/31/1972,3.83
4/7/1972,3.81
4/14/1972,3.82
4/21/1972,3.64
4/28/1972,3.55
5/5/1972,3.57
5/12/1972,3.59
5/19/1972,3.76
5/26/1972,3.8
6/2/1972,3.83
6/9/1972,3.86
6/16/1972,3.87
6/23/1972,3.97
6/30/1972,3.97
7/7/1972,4.07
7/14/1972,4.05
7/21/1972,3.93
7/28/1972,3.94
8/4/1972,3.79
8/11/1972,3.86
8/18/1972,3.9
8/25/1972,4.13
9/1/1972,4.47
9/8/1972,4.71
9/15/1972,4.71
9/22/1972,4.66
9/29/1972,4.6
10/6/1972,4.66
10/13/1972,4.79
10/20/1972,4.78
10/27/1972,4.73
11/3/1972,4.74
11/10/1972,4.71
11/17/1972,4.76
11/24/1972,4.82
12/1/1972,4.88
12/8/1972,5
12/15/1972,5.05
12/22/1972,5.15
12/29/1972,5.13
1/5/1973,5.16
1/12/1973,5.19
1/19/1973,5.4
1/26/1973,5.67
2/2/1973,5.7
2/9/1973,5.56
2/16/1973,5.43
2/23/1973,5.58
3/2/1973,5.81
3/9/1973,5.85
3/16/1973,6.05
3/23/1973,6.31
3/30/1973,6.29
4/6/1973,6.45
4/13/1973,6.2
4/20/1973,6.16
4/27/1973,6.23
5/4/1973,6.24
5/11/1973,6.07
5/18/1973,6.22
5/25/1973,6.56
6/1/1973,6.91
6/8/1973,7.07
6/15/1973,7.15
6/22/1973,7.25
6/29/1973,7.32
7/6/1973,7.94
7/13/1973,7.78
7/20/1973,8.03
7/27/1973,8.17
8/3/1973,8.3
8/10/1973,8.7
8/17/1973,8.88
8/24/1973,8.71
8/31/1973,8.62
9/7/1973,8.8
9/14/1973,8.94
9/21/1973,8.38
9/28/1973,7.13
10/5/1973,7.42
10/12/1973,7.14
10/19/1973,7.16
10/26/1973,7.07
11/2/1973,7.38
11/9/1973,8.12
11/16/1973,8.11
11/23/1973,7.72
11/30/1973,7.52
12/7/1973,7.47
12/14/1973,7.51
12/21/1973,7.35
12/28/1973,7.5
1/4/1974,7.49
1/11/1974,7.72
1/18/1974,7.89
1/25/1974,7.99
2/1/1974,7.55
2/8/1974,7.03
2/15/1974,7.06
2/22/1974,7.07
3/1/1974,7.36
3/8/1974,7.71
3/15/1974,7.82
3/22/1974,8.06
3/29/1974,8.35
4/5/1974,8.51
4/12/1974,8.49
4/19/1974,8.05
4/26/1974,8.1
5/3/1974,8.81
5/10/1974,8.6
5/17/1974,8
5/24/1974,7.9
5/31/1974,8.04
6/7/1974,8.05
6/14/1974,8.23
6/21/1974,7.88
6/28/1974,7.45
7/5/1974,7.53
7/12/1974,7.45
7/19/1974,7.72
7/26/1974,7.43
8/2/1974,7.84
8/9/1974,8.75
8/16/1974,8.75
8/23/1974,9.29
8/30/1974,9.37
9/6/1974,9.34
9/13/1974,9.1
9/20/1974,7.64
9/27/1974,6.81
10/4/1974,6.64
10/11/1974,7.24
10/18/1974,7.73
10/25/1974,7.6
11/1/1974,7.95
11/8/1974,7.66
11/15/1974,7.26
11/22/1974,7.46
11/29/1974,7.45
12/6/1974,7.44
12/13/1974,7.24
12/20/1974,6.92
12/27/1974,7.01
1/3/1975,6.96
1/10/1975,6.59
1/17/1975,6.54
1/24/1975,5.98
1/31/1975,5.68
2/7/1975,5.61
2/14/1975,5.65
2/21/1975,5.25
2/28/1975,5.47
3/7/1975,5.57
3/14/1975,5.46
3/21/1975,5.41
3/28/1975,5.53
4/4/1975,5.62
4/11/1975,5.74
4/18/1975,5.44
4/25/1975,5.66
5/2/1975,5.51
5/9/1975,5.41
5/16/1975,5.04
5/23/1975,5.16
5/30/1975,5.23
6/6/1975,5.23
6/13/1975,5
6/20/1975,5.24
6/27/1975,5.8
7/4/1975,5.98
7/11/1975,6.06
7/18/1975,6.05
7/25/1975,6.27
8/1/1975,6.28
8/8/1975,6.42
8/15/1975,6.42
8/22/1975,6.46
8/29/1975,6.49
9/5/1975,6.38
9/12/1975,6.43
9/19/1975,6.45
9/26/1975,6.38
10/3/1975,6.46
10/10/1975,6.23
10/17/1975,6.01
10/24/1975,5.73
10/31/1975,5.58
11/7/1975,5.5
11/14/1975,5.37
11/21/1975,5.49
11/28/1975,5.54
12/5/1975,5.57
12/12/1975,5.6
12/19/1975,5.44
12/26/1975,5.28
1/2/1976,5.19
1/9/1976,5.07
1/16/1976,4.84
1/23/1976,4.78
1/30/1976,4.72
2/6/1976,4.9
2/13/1976,4.85
2/20/1976,4.87
2/27/1976,4.9
3/5/1976,5.2
3/12/1976,4.99
3/19/1976,4.98
3/26/1976,4.87
4/2/1976,4.97
4/9/1976,4.91
4/16/1976,4.8
4/23/1976,4.78
4/30/1976,4.88
5/7/1976,4.91
5/14/1976,5.11
5/21/1976,5.33
5/28/1976,5.47
6/4/1976,5.53
6/11/1976,5.44
6/18/1976,5.38
6/25/1976,5.34
7/2/1976,5.36
7/9/1976,5.34
7/16/1976,5.15
7/23/1976,5.23
7/30/1976,5.17
8/6/1976,5.16
8/13/1976,5.17
8/20/1976,5.15
8/27/1976,5.11
9/3/1976,5.09
9/10/1976,5.11
9/17/1976,5.1
9/24/1976,5.05
10/1/1976,5.06
10/8/1976,5.04
10/15/1976,4.86
10/22/1976,4.84
10/29/1976,4.9
11/5/1976,4.83
11/12/1976,4.92
11/19/1976,4.8
11/26/1976,4.6
12/3/1976,4.42
12/10/1976,4.41
12/17/1976,4.33
12/24/1976,4.27
12/31/1976,4.34
1/7/1977,4.49
1/14/1977,4.58
1/21/1977,4.65
1/28/1977,4.72
2/4/1977,4.71
2/11/1977,4.62
2/18/1977,4.63
2/25/1977,4.71
3/4/1977,4.66
3/11/1977,4.63
3/18/1977,4.59
3/25/1977,4.57
4/1/1977,4.57
4/8/1977,4.58
4/15/1977,4.55
4/22/1977,4.51
4/29/1977,4.51
5/6/1977,4.75
5/13/1977,4.96
5/20/1977,5.05
5/27/1977,5.06
6/3/1977,5.03
6/10/1977,5.06
6/17/1977,5.01
6/24/1977,5.01
7/1/1977,4.97
7/8/1977,5.12
7/15/1977,5.16
7/22/1977,5.21
7/29/1977,5.27
8/5/1977,5.35
8/12/1977,5.47
8/19/1977,5.56
8/26/1977,5.53
9/2/1977,5.56
9/9/1977,5.65
9/16/1977,5.86
9/23/1977,5.9
9/30/1977,5.89
10/7/1977,6.09
10/14/1977,6.32
10/21/1977,6.17
10/28/1977,6.09
11/4/1977,6.2
11/11/1977,6.15
11/18/1977,6.07
11/25/1977,6.06
12/2/1977,6.04
12/9/1977,6.07
12/16/1977,6.03
12/23/1977,6.03
12/30/1977,6.16
1/6/1978,6.2
1/13/1978,6.6
1/20/1978,6.48
1/27/1978,6.44
2/3/1978,6.42
2/10/1978,6.44
2/17/1978,6.48
2/24/1978,6.45
3/3/1978,6.39
3/10/1978,6.29
3/17/1978,6.27
3/24/1978,6.21
3/31/1978,6.34
4/7/1978,6.37
4/14/1978,6.29
4/21/1978,6.22
4/28/1978,6.26
5/5/1978,6.38
5/12/1978,6.37
5/19/1978,6.32
5/26/1978,6.51
6/2/1978,6.62
6/9/1978,6.62
6/16/1978,6.65
6/23/1978,6.79
6/30/1978,6.93
7/7/1978,7.05
7/14/1978,7.16
7/21/1978,7.05
7/28/1978,6.83
8/4/1978,6.8
8/11/1978,6.79
8/18/1978,7.12
8/25/1978,7.25
9/1/1978,7.5
9/8/1978,7.6
9/15/1978,7.77
9/22/1978,8.02
9/29/1978,7.96
10/6/1978,8.14
10/13/1978,7.98
10/20/1978,7.89
10/27/1978,7.7
11/3/1978,8.73
11/10/1978,8.79
11/17/1978,8.14
11/24/1978,8.63
12/1/1978,8.98
12/8/1978,8.93
12/15/1978,8.93
12/22/1978,9.28
12/29/1978,9.25
1/5/1979,9.34
1/12/1979,9.3
1/19/1979,9.44
1/26/1979,9.34
2/2/1979,9.28
2/9/1979,9.24
2/16/1979,9.28
2/23/1979,9.41
3/2/1979,9.44
3/9/1979,9.44
3/16/1979,9.51
3/23/1979,9.54
3/30/1979,9.46
4/6/1979,9.53
4/13/1979,9.7
4/20/1979,9.41
4/27/1979,9.23
5/4/1979,9.58
5/11/1979,9.63
5/18/1979,9.6
5/25/1979,9.64
6/1/1979,9.55
6/8/1979,9.36
6/15/1979,8.97
6/22/1979,8.96
6/29/1979,8.83
7/6/1979,9.1
7/13/1979,9.28
7/20/1979,9.31
7/27/1979,9.28
8/3/1979,9.23
8/10/1979,9.4
8/17/1979,9.52
8/24/1979,9.55
8/31/1979,9.74
9/7/1979,10.2
9/14/1979,10.45
9/21/1979,10.26
9/28/1979,10.14
10/5/1979,10.43
10/12/1979,11.62
10/19/1979,11.91
10/26/1979,12.6
11/2/1979,12.07
11/9/1979,12.25
11/16/1979,11.9
11/23/1979,11.77
11/30/1979,11.26
12/7/1979,11.75
12/14/1979,12.34
12/21/1979,12.06
12/28/1979,11.99
1/4/1980,12.1
1/11/1980,11.72
1/18/1980,11.91
1/25/1980,12.17
2/1/1980,12.15
2/8/1980,12.05
2/15/1980,12.36
2/22/1980,13.38
2/29/1980,13.78
3/7/1980,15.37
3/14/1980,15.32
3/21/1980,14.76
3/28/1980,15.55
4/4/1980,14.78
4/11/1980,14.3
4/18/1980,13.57
4/25/1980,12.18
5/2/1980,10.47
5/9/1980,9.14
5/16/1980,8.53
5/23/1980,8.15
5/30/1980,7.7
6/6/1980,7.51
6/13/1980,6.44
6/20/1980,6.76
6/27/1980,7.42
7/4/1980,7.92
7/11/1980,8.08
7/18/1980,7.98
7/25/1980,7.93
8/1/1980,8.44
8/8/1980,8.58
8/15/1980,8.6
8/22/1980,9.41
8/29/1980,10.01
9/5/1980,9.78
9/12/1980,10.09
9/19/1980,10.26
9/26/1980,10.45
10/3/1980,11.39
10/10/1980,11.24
10/17/1980,11.07
10/24/1980,11.66
10/31/1980,12.51
11/7/1980,13.28
11/14/1980,13.29
11/21/1980,13.98
11/28/1980,14.31
12/5/1980,14.98
12/12/1980,16.76
12/19/1980,16.21
12/26/1980,14.62
1/2/1981,14.31
1/9/1981,14.31
1/16/1981,15.19
1/23/1981,15.65
1/30/1981,15.01
2/6/1981,14.9
2/13/1981,15.51
2/20/1981,14.68
2/27/1981,14.19
3/6/1981,14.44
3/13/1981,13.79
3/20/1981,12.63
3/27/1981,12.91
4/3/1981,12.6
4/10/1981,13.67
4/17/1981,13.66
4/24/1981,13.74
5/1/1981,14.52
5/8/1981,16.44
5/15/1981,16.75
5/22/1981,16.61
5/29/1981,15.61
6/5/1981,15.69
6/12/1981,14.79
6/19/1981,14.31
6/26/1981,14.39
7/3/1981,14.34
7/10/1981,14.82
7/17/1981,14.56
7/24/1981,15.5
7/31/1981,15.07
8/7/1981,15.43
8/14/1981,15.25
8/21/1981,15.63
8/28/1981,15.71
9/4/1981,15.59
9/11/1981,15.14
9/18/1981,14.35
9/25/1981,14.29
10/2/1981,14.37
10/9/1981,13.81
10/16/1981,13.41
10/23/1981,13.37
10/30/1981,13.14
11/6/1981,12.21
11/13/1981,10.93
11/20/1981,10.31
11/27/1981,10.23
12/4/1981,10.39
12/11/1981,10.47
12/18/1981,10.94
12/25/1981,11.14
1/1/1982,11.35
1/8/1982,11.59
1/15/1982,12.07
1/22/1982,12.66
1/29/1982,12.79
2/5/1982,13.68
2/12/1982,14.12
2/19/1982,14.06
2/26/1982,12.31
3/5/1982,12.26
3/12/1982,12.47
3/19/1982,12.85
3/26/1982,12.72
4/2/1982,13.32
4/9/1982,13.1
4/16/1982,12.77
4/23/1982,12.39
4/30/1982,12.42
5/7/1982,12.54
5/14/1982,12.38
5/21/1982,11.9
5/28/1982,11.54
6/4/1982,12.09
6/11/1982,12.06
6/18/1982,12.46
6/25/1982,12.88
7/2/1982,12.81
7/9/1982,12.23
7/16/1982,11.71
7/23/1982,10.64
7/30/1982,10.51
8/6/1982,9.8
8/13/1982,9.7
8/20/1982,7.88
8/27/1982,7.5
9/3/1982,8.31
9/10/1982,8.34
9/17/1982,8.03
9/24/1982,7.53
10/1/1982,7.52
10/8/1982,7.93
10/15/1982,7.48
10/22/1982,7.54
10/29/1982,7.93
11/5/1982,7.78
11/12/1982,8.07
11/19/1982,8.31
11/26/1982,7.94
12/3/1982,8.14
12/10/1982,7.96
12/17/1982,7.8
12/24/1982,7.91
12/31/1982,8.01
1/7/1983,7.92
1/14/1983,7.66
1/21/1983,7.75
1/28/1983,8.05
2/4/1983,8.16
2/11/1983,8.22
2/18/1983,8.16
2/25/1983,7.91
3/4/1983,7.97
3/11/1983,8.25
3/18/1983,8.31
3/25/1983,8.55
4/1/1983,8.64
4/8/1983,8.45
4/15/1983,8.16
4/22/1983,8.12
4/29/1983,8.11
5/6/1983,8.03
5/13/1983,8.03
5/20/1983,8.14
5/27/1983,8.48
6/3/1983,8.57
6/10/1983,8.76
6/17/1983,8.7
6/24/1983,8.97
7/1/1983,8.88
7/8/1983,9.07
7/15/1983,9.1
7/22/1983,9.1
7/29/1983,9.13
8/5/1983,9.41
8/12/1983,9.52
8/19/1983,9.35
8/26/1983,9.15
9/2/1983,9.26
9/9/1983,9.13
9/16/1983,9.08
9/23/1983,8.94
9/30/1983,8.75
10/7/1983,8.62
10/14/1983,8.79
10/21/1983,8.53
10/28/1983,8.66
11/4/1983,8.58
11/11/1983,8.77
11/18/1983,8.81
11/25/1983,8.79
12/2/1983,8.88
12/9/1983,8.97
12/16/1983,9.09
12/23/1983,9
12/30/1983,8.96
1/6/1984,8.95
1/13/1984,8.88
1/20/1984,8.88
1/27/1984,8.93
2/3/1984,8.91
2/10/1984,9.06
2/17/1984,9.09
2/24/1984,9.18
3/2/1984,9.18
3/9/1984,9.29
3/16/1984,9.43
3/23/1984,9.76
3/30/1984,9.72
4/6/1984,9.74
4/13/1984,9.65
4/20/1984,9.76
4/27/1984,9.64
5/4/1984,9.73
5/11/1984,9.97
5/18/1984,9.88
5/25/1984,9.79
6/1/1984,9.76
6/8/1984,9.81
6/15/1984,9.95
6/22/1984,9.91
6/29/1984,9.81
7/6/1984,9.92
7/13/1984,10.04
7/20/1984,10.11
7/27/1984,10.25
8/3/1984,10.42
8/10/1984,10.48
8/17/1984,10.31
8/24/1984,10.44
8/31/1984,10.65
9/7/1984,10.61
9/14/1984,10.38
9/21/1984,10.29
9/28/1984,10.24
10/5/1984,10.19
10/12/1984,10.01
10/19/1984,9.81
10/26/1984,9.33
11/2/1984,9.1
11/9/1984,8.65
11/16/1984,8.68
11/23/1984,8.55
11/30/1984,8.41
12/7/1984,8.44
12/14/1984,8.27
12/21/1984,7.81
12/28/1984,7.67
1/4/1985,7.83
1/11/1985,7.75
1/18/1985,7.73
1/25/1985,7.65
2/1/1985,7.92
2/8/1985,8.17
2/15/1985,8.21
2/22/1985,8.31
3/1/1985,8.47
3/8/1985,8.69
3/15/1985,8.55
3/22/1985,8.51
3/29/1985,8.29
4/5/1985,8.17
4/12/1985,8.08
4/19/1985,7.86
4/26/1985,7.77
5/3/1985,7.78
5/10/1985,7.76
5/17/1985,7.5
5/24/1985,7.25
5/31/1985,7.19
6/7/1985,7.01
6/14/1985,7.03
6/21/1985,6.81
6/28/1985,6.97
7/5/1985,6.9
7/12/1985,6.99
7/19/1985,7.07
7/26/1985,7.22
8/2/1985,7.28
8/9/1985,7.21
8/16/1985,7.13
8/23/1985,7.07
8/30/1985,7.07
9/6/1985,7.14
9/13/1985,7.23
9/20/1985,7.12
9/27/1985,6.89
10/4/1985,7.01
10/11/1985,7.17
10/18/1985,7.2
10/25/1985,7.22
11/1/1985,7.2
11/8/1985,7.25
11/15/1985,7.29
11/22/1985,7.23
11/29/1985,7.18
12/6/1985,7.24
12/13/1985,7.1
12/20/1985,7.06
12/27/1985,7.02
1/3/1986,7.04
1/10/1986,7.13
1/17/1986,7.17
1/24/1986,6.99
1/31/1986,6.98
2/7/1986,7.06
2/14/1986,7.11
2/21/1986,7.05
2/28/1986,7.04
3/7/1986,6.79
3/14/1986,6.59
3/21/1986,6.49
3/28/1986,6.39
4/4/1986,6.31
4/11/1986,6.07
4/18/1986,5.84
4/25/1986,6.03
5/2/1986,6.11
5/9/1986,6.05
5/16/1986,6.14
5/23/1986,6.2
5/30/1986,6.24
6/6/1986,6.42
6/13/1986,6.29
6/20/1986,6.1
6/27/1986,6.07
7/4/1986,5.97
7/11/1986,5.86
7/18/1986,5.75
7/25/1986,5.78
8/1/1986,5.83
8/8/1986,5.71
8/15/1986,5.6
8/22/1986,5.48
8/29/1986,5.27
9/5/1986,5.21
9/12/1986,5.2
9/19/1986,5.18
9/26/1986,5.24
10/3/1986,5.19
10/10/1986,5.05
10/17/1986,5.2
10/24/1986,5.29
10/31/1986,5.19
11/7/1986,5.26
11/14/1986,5.41
11/21/1986,5.36
11/28/1986,5.39
12/5/1986,5.42
12/12/1986,5.49
12/19/1986,5.57
12/26/1986,5.56
1/2/1987,5.65
1/9/1987,5.46
1/16/1987,5.35
1/23/1987,5.35
1/30/1987,5.51
2/6/1987,5.62
2/13/1987,5.75
2/20/1987,5.55
2/27/1987,5.45
3/6/1987,5.54
3/13/1987,5.66
3/20/1987,5.55
3/27/1987,5.6
4/3/1987,5.56
4/10/1987,5.62
4/17/1987,5.8
4/24/1987,5.54
5/1/1987,5.69
5/8/1987,5.61
5/15/1987,5.69
5/22/1987,5.68
5/29/1987,5.67
6/5/1987,5.7
6/12/1987,5.55
6/19/1987,5.65
6/26/1987,5.77
7/3/1987,5.68
7/10/1987,5.61
7/17/1987,5.58
7/24/1987,5.66
7/31/1987,5.94
8/7/1987,5.87
8/14/1987,5.94
8/21/1987,6.05
8/28/1987,6.24
9/4/1987,6.21
9/11/1987,6.39
9/18/1987,6.36
9/25/1987,6.48
10/2/1987,6.62
10/9/1987,6.65
10/16/1987,6.98
10/23/1987,5.7
10/30/1987,5.17
11/6/1987,5.62
11/13/1987,5.78
11/20/1987,5.78
11/27/1987,5.72
12/4/1987,5.41
12/11/1987,5.86
12/18/1987,5.9
12/25/1987,5.83
1/1/1988,5.73
1/8/1988,5.86
1/15/1988,5.81
1/22/1988,5.85
1/29/1988,5.74
2/5/1988,5.67
2/12/1988,5.65
2/19/1988,5.72
2/26/1988,5.63
3/4/1988,5.63
3/11/1988,5.73
3/18/1988,5.64
3/25/1988,5.77
4/1/1988,5.74
4/8/1988,5.99
4/15/1988,5.89
4/22/1988,5.83
4/29/1988,5.91
5/6/1988,6.16
5/13/1988,6.26
5/20/1988,6.22
5/27/1988,6.35
6/3/1988,6.45
6/10/1988,6.43
6/17/1988,6.36
6/24/1988,6.5
7/1/1988,6.57
7/8/1988,6.58
7/15/1988,6.7
7/22/1988,6.72
7/29/1988,6.93
8/5/1988,6.89
8/12/1988,6.98
8/19/1988,7.03
8/26/1988,7.2
9/2/1988,7.28
9/9/1988,7.3
9/16/1988,7.18
9/23/1988,7.19
9/30/1988,7.3
10/7/1988,7.25
10/14/1988,7.31
10/21/1988,7.4
10/28/1988,7.42
11/4/1988,7.38
11/11/1988,7.57
11/18/1988,7.91
11/25/1988,8.01
12/2/1988,7.94
12/9/1988,7.96
12/16/1988,8.09
12/23/1988,8.11
12/30/1988,8.16
1/6/1989,8.24
1/13/1989,8.26
1/20/1989,8.24
1/27/1989,8.29
2/3/1989,8.38
2/10/1989,8.52
2/17/1989,8.52
2/24/1989,8.57
3/3/1989,8.67
3/10/1989,8.64
3/17/1989,8.74
3/24/1989,9.03
3/31/1989,9
4/7/1989,8.82
4/14/1989,8.69
4/21/1989,8.55
4/28/1989,8.53
5/5/1989,8.54
5/12/1989,8.43
5/19/1989,8.3
5/26/1989,8.41
6/2/1989,8.54
6/9/1989,8.18
6/16/1989,8.14
6/23/1989,8.13
6/30/1989,8.03
7/7/1989,7.81
7/14/1989,7.77
7/21/1989,7.97
7/28/1989,7.98
8/4/1989,7.71
8/11/1989,7.92
8/18/1989,7.95
8/25/1989,7.98
9/1/1989,7.9
9/8/1989,7.82
9/15/1989,7.6
9/22/1989,7.73
9/29/1989,7.84
10/6/1989,7.76
10/13/1989,7.66
10/20/1989,7.5
10/27/1989,7.6
11/3/1989,7.77
11/10/1989,7.74
11/17/1989,7.67
11/24/1989,7.6
12/1/1989,7.63
12/8/1989,7.61
12/15/1989,7.65
12/22/1989,7.6
12/29/1989,7.68
1/5/1990,7.59
1/12/1990,7.53
1/19/1990,7.72
1/26/1990,7.69
2/2/1990,7.76
2/9/1990,7.8
2/16/1990,7.66
2/23/1990,7.74
3/2/1990,7.76
3/9/1990,7.91
3/16/1990,7.96
3/23/1990,7.93
3/30/1990,7.85
4/6/1990,7.77
4/13/1990,7.78
4/20/1990,7.76
4/27/1990,7.78
5/4/1990,7.85
5/11/1990,7.74
5/18/1990,7.67
5/25/1990,7.71
6/1/1990,7.74
6/8/1990,7.7
6/15/1990,7.7
6/22/1990,7.74
6/29/1990,7.77
7/6/1990,7.71
7/13/1990,7.73
7/20/1990,7.57
7/27/1990,7.53
8/3/1990,7.43
8/10/1990,7.37
8/17/1990,7.45
8/24/1990,7.54
8/31/1990,7.46
9/7/1990,7.38
9/14/1990,7.38
9/21/1990,7.38
9/28/1990,7.29
10/5/1990,7.13
10/12/1990,7.16
10/19/1990,7.2
10/26/1990,7.19
11/2/1990,7.11
11/9/1990,7.08
11/16/1990,7.07
11/23/1990,7.07
11/30/1990,7.04
12/7/1990,6.99
12/14/1990,6.83
12/21/1990,6.66
12/28/1990,6.48
1/4/1991,6.47
1/11/1991,6.31
1/18/1991,6.07
1/25/1991,6.12
2/1/1991,6.17
2/8/1991,5.94
2/15/1991,5.87
2/22/1991,5.94
3/1/1991,6.04
3/8/1991,6.05
3/15/1991,5.83
3/22/1991,5.87
3/29/1991,5.82
4/5/1991,5.75
4/12/1991,5.59
4/19/1991,5.63
4/26/1991,5.66
5/3/1991,5.51
5/10/1991,5.48
5/17/1991,5.44
5/24/1991,5.44
5/31/1991,5.46
6/7/1991,5.58
6/14/1991,5.58
6/21/1991,5.58
6/28/1991,5.56
7/5/1991,5.58
7/12/1991,5.57
7/19/1991,5.59
7/26/1991,5.58
8/2/1991,5.53
8/9/1991,5.4
8/16/1991,5.29
8/23/1991,5.24
8/30/1991,5.34
9/6/1991,5.32
9/13/1991,5.23
9/20/1991,5.19
9/27/1991,5.16
10/4/1991,5.07
10/11/1991,5.01
10/18/1991,5
10/25/1991,5.01
11/1/1991,4.85
11/8/1991,4.68
11/15/1991,4.62
11/22/1991,4.49
11/29/1991,4.39
12/6/1991,4.32
12/13/1991,4.16
12/20/1991,4.03
12/27/1991,3.81
1/3/1992,3.87
1/10/1992,3.77
1/17/1992,3.81
1/24/1992,3.77
1/31/1992,3.84
2/7/1992,3.81
2/14/1992,3.76
2/21/1992,3.87
2/28/1992,3.94
3/6/1992,4.04
3/13/1992,4.02
3/20/1992,4.06
3/27/1992,4.03
4/3/1992,4.01
4/10/1992,3.8
4/17/1992,3.63
4/24/1992,3.68
5/1/1992,3.69
5/8/1992,3.63
5/15/1992,3.6
5/22/1992,3.61
5/29/1992,3.71
6/5/1992,3.71
6/12/1992,3.67
6/19/1992,3.63
6/26/1992,3.64
7/3/1992,3.48
7/10/1992,3.22
7/17/1992,3.19
7/24/1992,3.17
7/31/1992,3.18
8/7/1992,3.16
8/14/1992,3.11
8/21/1992,3.07
8/28/1992,3.16
9/4/1992,3.1
9/11/1992,2.91
9/18/1992,2.89
9/25/1992,2.89
10/2/1992,2.69
10/9/1992,2.76
10/16/1992,2.9
10/23/1992,2.95
10/30/1992,2.94
11/6/1992,3.03
11/13/1992,3.08
11/20/1992,3.16
11/27/1992,3.24
12/4/1992,3.3
12/11/1992,3.24
12/18/1992,3.21
12/25/1992,3.18
1/1/1993,3.15
1/8/1993,3.09
1/15/1993,3
1/22/1993,2.99
1/29/1993,2.92
2/5/1993,2.92
2/12/1993,2.93
2/19/1993,2.92
2/26/1993,2.95
3/5/1993,2.95
3/12/1993,2.98
3/19/1993,2.97
3/26/1993,2.92
4/2/1993,2.91
4/9/1993,2.91
4/16/1993,2.85
4/23/1993,2.81
4/30/1993,2.91
5/7/1993,2.87
5/14/1993,2.91
5/21/1993,2.99
5/28/1993,3.06
6/4/1993,3.06
6/11/1993,3.1
6/18/1993,3.05
6/25/1993,3.09
7/2/1993,3.01
7/9/1993,3.02
7/16/1993,3.02
7/23/1993,3.07
7/30/1993,3.06
8/6/1993,3.06
8/13/1993,3.02
8/20/1993,3
8/27/1993,3
9/3/1993,2.99
9/10/1993,2.96
9/17/1993,2.96
9/24/1993,2.93
10/1/1993,2.92
10/8/1993,2.97
10/15/1993,3.02
10/22/1993,3.04
10/29/1993,3.06
11/5/1993,3.08
11/12/1993,3.1
11/19/1993,3.11
11/26/1993,3.12
12/3/1993,3.12
12/10/1993,3.07
12/17/1993,3.04
12/24/1993,3.06
12/31/1993,3.02
1/7/1994,3.05
1/14/1994,2.97
1/21/1994,2.96
1/28/1994,2.93
2/4/1994,3.08
2/11/1994,3.25
2/18/1994,3.27
2/25/1994,3.35
3/4/1994,3.47
3/11/1994,3.52
3/18/1994,3.52
3/25/1994,3.49
4/1/1994,3.5
4/8/1994,3.6
4/15/1994,3.57
4/22/1994,3.73
4/29/1994,3.85
5/6/1994,4.04
5/13/1994,4.19
5/20/1994,4.16
5/27/1994,4.18
6/3/1994,4.15
6/10/1994,4.11
6/17/1994,4.12
6/24/1994,4.16
7/1/1994,4.16
7/8/1994,4.28
7/15/1994,4.37
7/22/1994,4.3
7/29/1994,4.39
8/5/1994,4.34
8/12/1994,4.4
8/19/1994,4.56
8/26/1994,4.55
9/2/1994,4.56
9/9/1994,4.56
9/16/1994,4.59
9/23/1994,4.71
9/30/1994,4.66
10/7/1994,4.9
10/14/1994,4.91
10/21/1994,4.94
10/28/1994,5.01
11/4/1994,5.1
11/11/1994,5.22
11/18/1994,5.34
11/25/1994,5.31
12/2/1994,5.53
12/9/1994,5.7
12/16/1994,5.66
12/23/1994,5.49
12/30/1994,5.52
1/6/1995,5.67
1/13/1995,5.66
1/20/1995,5.7
1/27/1995,5.77
2/3/1995,5.82
2/10/1995,5.79
2/17/1995,5.75
2/24/1995,5.72
3/3/1995,5.74
3/10/1995,5.76
3/17/1995,5.75
3/24/1995,5.72
3/31/1995,5.69
4/7/1995,5.7
4/14/1995,5.63
4/21/1995,5.61
4/28/1995,5.67
5/5/1995,5.65
5/12/1995,5.64
5/19/1995,5.69
5/26/1995,5.69
6/2/1995,5.55
6/9/1995,5.56
6/16/1995,5.48
6/23/1995,5.42
6/30/1995,5.43
7/7/1995,5.43
7/14/1995,5.39
7/21/1995,5.43
7/28/1995,5.44
8/4/1995,5.42
8/11/1995,5.4
8/18/1995,5.44
8/25/1995,5.41
9/1/1995,5.31
9/8/1995,5.33
9/15/1995,5.31
9/22/1995,5.22
9/29/1995,5.26
10/6/1995,5.3
10/13/1995,5.3
10/20/1995,5.27
10/27/1995,5.24
11/3/1995,5.31
11/10/1995,5.38
11/17/1995,5.38
11/24/1995,5.35
12/1/1995,5.33
12/8/1995,5.32
12/15/1995,5.26
12/22/1995,5.02
12/29/1995,4.89
1/5/1996,5.02
1/12/1996,5.03
1/19/1996,4.98
1/26/1996,4.97
2/2/1996,4.93
2/9/1996,4.81
2/16/1996,4.79
2/23/1996,4.82
3/1/1996,4.87
3/8/1996,4.89
3/15/1996,4.97
3/22/1996,5
3/29/1996,5
4/5/1996,5.01
4/12/1996,4.97
4/19/1996,4.85
4/26/1996,4.96
5/3/1996,5
5/10/1996,5
5/17/1996,5.01
5/24/1996,5.04
5/31/1996,5.04
6/7/1996,5.09
6/14/1996,5.11
6/21/1996,5.09
6/28/1996,5.09
7/5/1996,5.13
7/12/1996,5.15
7/19/1996,5.13
7/26/1996,5.16
8/2/1996,5.15
8/9/1996,5.03
8/16/1996,5.03
8/23/1996,5.02
8/30/1996,5.09
9/6/1996,5.19
9/13/1996,5.13
9/20/1996,5.12
9/27/1996,4.98
10/4/1996,4.91
10/11/1996,4.98
10/18/1996,5
10/25/1996,5
11/1/1996,5.03
11/8/1996,5.03
11/15/1996,5.03
11/22/1996,5.03
11/29/1996,5.02
12/6/1996,4.92
12/13/1996,4.83
12/20/1996,4.88
12/27/1996,4.97
1/3/1997,5.05
1/10/1997,5.03
1/17/1997,5.03
1/24/1997,5.04
1/31/1997,5.04
2/7/1997,4.99
2/14/1997,5
2/21/1997,4.97
2/28/1997,5.05
3/7/1997,5.09
3/14/1997,5.08
3/21/1997,5.17
3/28/1997,5.25
4/4/1997,5.17
4/11/1997,5.14
4/18/1997,5.16
4/25/1997,5.19
5/2/1997,5.15
5/9/1997,5.06
5/16/1997,5.05
5/23/1997,5.1
5/30/1997,4.94
6/6/1997,4.91
6/13/1997,4.88
6/20/1997,4.91
6/27/1997,4.99
7/4/1997,5.04
7/11/1997,4.99
7/18/1997,5.05
7/25/1997,5.08
8/1/1997,5.11
8/8/1997,5.15
8/15/1997,5.17
8/22/1997,5.12
8/29/1997,5.13
9/5/1997,5.03
9/12/1997,5
9/19/1997,4.97
9/26/1997,4.85
10/3/1997,4.92
10/10/1997,4.95
10/17/1997,4.94
10/24/1997,4.97
10/31/1997,5.04
11/7/1997,5.14
11/14/1997,5.16
11/21/1997,5.15
11/28/1997,5.13
12/5/1997,5.13
12/12/1997,5.1
12/19/1997,5.12
12/26/1997,5.27
1/2/1998,5.24
1/9/1998,5.04
1/16/1998,5
1/23/1998,5.02
1/30/1998,5.06
2/6/1998,5.05
2/13/1998,5.07
2/20/1998,5.06
2/27/1998,5.16
3/6/1998,5.08
3/13/1998,4.97
3/20/1998,5.02
3/27/1998,5.05
4/3/1998,5
4/10/1998,4.95
4/17/1998,4.97
4/24/1998,4.94
5/1/1998,4.91
5/8/1998,4.97
5/15/1998,5.01
5/22/1998,5.08
5/29/1998,4.95
6/5/1998,4.95
6/12/1998,5
6/19/1998,5.04
6/26/1998,4.93
7/3/1998,4.94
7/10/1998,4.94
7/17/1998,5.01
7/24/1998,4.96
7/31/1998,4.95
8/7/1998,4.93
8/14/1998,4.89
8/21/1998,4.92
8/28/1998,4.89
9/4/1998,4.76
9/11/1998,4.73
9/18/1998,4.62
9/25/1998,4.53
10/2/1998,4.26
10/9/1998,3.96
10/16/1998,3.84
10/23/1998,3.85
10/30/1998,4.12
11/6/1998,4.43
11/13/1998,4.42
11/20/1998,4.35
11/27/1998,4.47
12/4/1998,4.38
12/11/1998,4.36
12/18/1998,4.37
12/25/1998,4.44
1/1/1999,4.44
1/8/1999,4.36
1/15/1999,4.35
1/22/1999,4.26
1/29/1999,4.35
2/5/1999,4.4
2/12/1999,4.4
2/19/1999,4.42
2/26/1999,4.53
3/5/1999,4.52
3/12/1999,4.48
3/19/1999,4.42
3/26/1999,4.39
4/2/1999,4.35
4/9/1999,4.29
4/16/1999,4.2
4/23/1999,4.26
4/30/1999,4.39
5/7/1999,4.49
5/14/1999,4.48
5/21/1999,4.51
5/28/1999,4.52
6/4/1999,4.53
6/11/1999,4.5
6/18/1999,4.56
6/25/1999,4.61
7/2/1999,4.63
7/9/1999,4.55
7/16/1999,4.57
7/23/1999,4.5
7/30/1999,4.59
8/6/1999,4.65
8/13/1999,4.72
8/20/1999,4.65
8/27/1999,4.81
9/3/1999,4.82
9/10/1999,4.67
9/17/1999,4.61
9/24/1999,4.65
10/1/1999,4.71
10/8/1999,4.69
10/15/1999,4.84
10/22/1999,4.97
10/29/1999,4.96
11/5/1999,4.98
11/12/1999,5.05
11/19/1999,5.1
11/26/1999,5.12
12/3/1999,5.13
12/10/1999,5.09
12/17/1999,5.23
12/24/1999,5.38
12/31/1999,5.17
1/7/2000,5.26
1/14/2000,5.26
1/21/2000,5.31
1/28/2000,5.41
2/4/2000,5.5
2/11/2000,5.49
2/18/2000,5.55
2/25/2000,5.62
3/3/2000,5.62
3/10/2000,5.67
3/17/2000,5.71
3/24/2000,5.74
3/31/2000,5.71
4/7/2000,5.7
4/14/2000,5.67
4/21/2000,5.65
4/28/2000,5.62
5/5/2000,5.74
5/12/2000,5.94
5/19/2000,5.86
5/26/2000,5.73
6/2/2000,5.59
6/9/2000,5.76
6/16/2000,5.68
6/23/2000,5.66
6/30/2000,5.67
7/7/2000,5.82
7/14/2000,5.96
7/21/2000,5.98
7/28/2000,6.01
8/4/2000,6.05
8/11/2000,6.08
8/18/2000,6.09
8/25/2000,6.11
9/1/2000,6.13
9/8/2000,6.02
9/15/2000,5.95
9/22/2000,5.98
9/29/2000,6.03
10/6/2000,6.06
10/13/2000,6.03
10/20/2000,6.11
10/27/2000,6.18
11/3/2000,6.19
11/10/2000,6.22
11/17/2000,6.18
11/24/2000,6.18
12/1/2000,6.08
12/8/2000,5.94
12/15/2000,5.89
12/22/2000,5.51
12/29/2000,5.66
1/5/2001,5.36
1/12/2001,5.13
1/19/2001,5.17
1/26/2001,5.11
2/2/2001,4.91
2/9/2001,4.94
2/16/2001,4.93
2/23/2001,4.87
3/2/2001,4.72
3/9/2001,4.62
3/16/2001,4.47
3/23/2001,4.27
3/30/2001,4.22
4/6/2001,4.01
4/13/2001,3.9
4/20/2001,3.87
4/27/2001,3.72
5/4/2001,3.78
5/11/2001,3.65
5/18/2001,3.54
5/25/2001,3.58
6/1/2001,3.59
6/8/2001,3.56
6/15/2001,3.48
6/22/2001,3.42
6/29/2001,3.47
7/6/2001,3.57
7/13/2001,3.54
7/20/2001,3.49
7/27/2001,3.48
8/3/2001,3.46
8/10/2001,3.41
8/17/2001,3.34
8/24/2001,3.33
8/31/2001,3.33
9/7/2001,3.29
9/14/2001,2.82
9/21/2001,2.3
9/28/2001,2.34
10/5/2001,2.21
10/12/2001,2.2
10/19/2001,2.17
10/26/2001,2.13
11/2/2001,2.01
11/9/2001,1.83
11/16/2001,1.86
11/23/2001,1.91
11/30/2001,1.84
12/7/2001,1.72
12/14/2001,1.66
12/21/2001,1.68
12/28/2001,1.7
1/4/2002,1.7
1/11/2002,1.63
1/18/2002,1.58
1/25/2002,1.68
2/1/2002,1.71
2/8/2002,1.72
2/15/2002,1.72
2/22/2002,1.73
3/1/2002,1.74
3/8/2002,1.76
3/15/2002,1.81
3/22/2002,1.81
3/29/2002,1.78
4/5/2002,1.75
4/12/2002,1.69
4/19/2002,1.7
4/26/2002,1.7
5/3/2002,1.74
5/10/2002,1.73
5/17/2002,1.73
5/24/2002,1.71
5/31/2002,1.72
6/7/2002,1.72
6/14/2002,1.7
6/21/2002,1.69
6/28/2002,1.68
7/5/2002,1.69
7/12/2002,1.69
7/19/2002,1.69
7/26/2002,1.67
8/2/2002,1.66
8/9/2002,1.59
8/16/2002,1.61
8/23/2002,1.61
8/30/2002,1.65
9/6/2002,1.61
9/13/2002,1.66
9/20/2002,1.65
9/27/2002,1.62
10/4/2002,1.55
10/11/2002,1.56
10/18/2002,1.64
10/25/2002,1.64
11/1/2002,1.47
11/8/2002,1.28
11/15/2002,1.2
11/22/2002,1.2
11/29/2002,1.21
12/6/2002,1.2
12/13/2002,1.19
12/20/2002,1.2
12/27/2002,1.16
1/3/2003,1.2
1/10/2003,1.18
1/17/2003,1.17
1/24/2003,1.15
1/31/2003,1.16
2/7/2003,1.15
2/14/2003,1.16
2/21/2003,1.17
2/28/2003,1.19
3/7/2003,1.15
3/14/2003,1.09
3/21/2003,1.14
3/28/2003,1.15
4/4/2003,1.1
4/11/2003,1.13
4/18/2003,1.16
4/25/2003,1.14
5/2/2003,1.11
5/9/2003,1.09
5/16/2003,1.05
5/23/2003,1.04
5/30/2003,1.09
6/6/2003,1.05
6/13/2003,0.92
6/20/2003,0.84
6/27/2003,0.86
7/4/2003,0.87
7/11/2003,0.88
7/18/2003,0.89
7/25/2003,0.91
8/1/2003,0.95
8/8/2003,0.94
8/15/2003,0.94
8/22/2003,0.95
8/29/2003,0.98
9/5/2003,0.95
9/12/2003,0.94
9/19/2003,0.93
9/26/2003,0.93
10/3/2003,0.93
10/10/2003,0.9
10/17/2003,0.91
10/24/2003,0.93
10/31/2003,0.94
11/7/2003,0.94
11/14/2003,0.93
11/21/2003,0.93
11/28/2003,0.93
12/5/2003,0.92
12/12/2003,0.9
12/19/2003,0.88
12/26/2003,0.88
1/2/2004,0.91
1/9/2004,0.88
1/16/2004,0.87
1/23/2004,0.87
1/30/2004,0.9
2/6/2004,0.92
2/13/2004,0.92
2/20/2004,0.92
2/27/2004,0.94
3/5/2004,0.94
3/12/2004,0.94
3/19/2004,0.93
3/26/2004,0.93
4/2/2004,0.93
4/9/2004,0.93
4/16/2004,0.93
4/23/2004,0.96
4/30/2004,0.96
5/7/2004,1
5/14/2004,1.02
5/21/2004,1.03
5/28/2004,1.06
6/4/2004,1.16
6/11/2004,1.25
6/18/2004,1.3
6/25/2004,1.29
7/2/2004,1.3
7/9/2004,1.28
7/16/2004,1.32
7/23/2004,1.34
7/30/2004,1.43
8/6/2004,1.45
8/13/2004,1.44
8/20/2004,1.46
8/27/2004,1.52
9/3/2004,1.58
9/10/2004,1.63
9/17/2004,1.65
9/24/2004,1.69
10/1/2004,1.69
10/8/2004,1.68
10/15/2004,1.7
10/22/2004,1.8
10/29/2004,1.87
11/5/2004,1.95
11/12/2004,2.04
11/19/2004,2.09
11/26/2004,2.15
12/3/2004,2.18
12/10/2004,2.21
12/17/2004,2.18
12/24/2004,2.17
12/31/2004,2.2
1/7/2005,2.29
1/14/2005,2.31
1/21/2005,2.33
1/28/2005,2.38
2/4/2005,2.46
2/11/2005,2.48
2/18/2005,2.54
2/25/2005,2.65
3/4/2005,2.7
3/11/2005,2.7
3/18/2005,2.74
3/25/2005,2.8
4/1/2005,2.76
4/8/2005,2.73
4/15/2005,2.72
4/22/2005,2.84
4/29/2005,2.85
5/6/2005,2.82
5/13/2005,2.82
5/20/2005,2.82
5/27/2005,2.89
6/3/2005,2.92
6/10/2005,2.95
6/17/2005,2.94
6/24/2005,2.98
7/1/2005,3.08
7/8/2005,3.11
7/15/2005,3.15
7/22/2005,3.25
7/29/2005,3.35
8/5/2005,3.41
8/12/2005,3.44
8/19/2005,3.45
8/26/2005,3.46
9/2/2005,3.43
9/9/2005,3.42
9/16/2005,3.4
9/23/2005,3.44
9/30/2005,3.44
10/7/2005,3.53
10/14/2005,3.66
10/21/2005,3.77
10/28/2005,3.82
11/4/2005,3.87
11/11/2005,3.88
11/18/2005,3.92
11/25/2005,3.87
12/2/2005,3.88
12/9/2005,3.91
12/16/2005,3.83
12/23/2005,3.89
12/30/2005,3.92
1/6/2006,4.1
1/13/2006,4.2
1/20/2006,4.26
1/27/2006,4.32
2/3/2006,4.37
2/10/2006,4.4
2/17/2006,4.44
2/24/2006,4.47
3/3/2006,4.5
3/10/2006,4.49
3/17/2006,4.5
3/24/2006,4.56
3/31/2006,4.51
4/7/2006,4.56
4/14/2006,4.58
4/21/2006,4.61
4/28/2006,4.66
5/5/2006,4.69
5/12/2006,4.74
5/19/2006,4.71
5/26/2006,4.71
6/2/2006,4.72
6/9/2006,4.74
6/16/2006,4.76
6/23/2006,4.81
6/30/2006,4.89
7/7/2006,4.9
7/14/2006,4.93
7/21/2006,4.97
7/28/2006,4.97
8/4/2006,4.97
8/11/2006,4.95
8/18/2006,4.97
8/25/2006,4.97
9/1/2006,4.93
9/8/2006,4.84
9/15/2006,4.81
9/22/2006,4.81
9/29/2006,4.76
10/6/2006,4.79
10/13/2006,4.9
10/20/2006,4.96
10/27/2006,4.99
11/3/2006,4.95
11/10/2006,4.96
11/17/2006,4.96
11/24/2006,4.93
12/1/2006,4.91
12/8/2006,4.86
12/15/2006,4.81
12/22/2006,4.84
12/29/2006,4.87
1/5/2007,4.92
1/12/2007,4.96
1/19/2007,4.99
1/26/2007,5
2/2/2007,5
2/9/2007,5.02
2/16/2007,5.03
2/23/2007,5.05
3/2/2007,5.01
3/9/2007,4.97
3/16/2007,4.93
3/23/2007,4.92
3/30/2007,4.92
4/6/2007,4.91
4/13/2007,4.89
4/20/2007,4.86
4/27/2007,4.83
5/4/2007,4.77
5/11/2007,4.75
5/18/2007,4.69
5/25/2007,4.77
6/1/2007,4.68
6/8/2007,4.67
6/15/2007,4.53
6/22/2007,4.56
6/29/2007,4.67
7/6/2007,4.81
7/13/2007,4.82
7/20/2007,4.83
7/27/2007,4.82
8/3/2007,4.77
8/10/2007,4.69
8/17/2007,4.11
8/24/2007,3.62
8/31/2007,4.06
9/7/2007,4.18
9/14/2007,3.93
9/21/2007,3.82
9/28/2007,3.69
10/5/2007,3.86
10/12/2007,4
10/19/2007,3.93
10/26/2007,3.85
11/2/2007,3.77
11/9/2007,3.43
11/16/2007,3.32
11/23/2007,3.17
11/30/2007,3.02
12/7/2007,3.01
12/14/2007,2.85
12/21/2007,2.92
12/28/2007,3.17
1/4/2008,3.19
1/11/2008,3.14
1/18/2008,3.01
1/25/2008,2.26
2/1/2008,2.13
2/8/2008,2.14
2/15/2008,2.23
2/22/2008,2.18
2/29/2008,1.97
3/7/2008,1.52
3/14/2008,1.34
3/21/2008,0.81
3/28/2008,1.27
4/4/2008,1.37
4/11/2008,1.31
4/18/2008,1.16
4/25/2008,1.28
5/2/2008,1.43
5/9/2008,1.61
5/16/2008,1.79
5/23/2008,1.82
5/30/2008,1.86
6/6/2008,1.82
6/13/2008,1.93
6/20/2008,1.92
6/27/2008,1.75
7/4/2008,1.83
7/11/2008,1.74
7/18/2008,1.41
7/25/2008,1.57
8/1/2008,1.67
8/8/2008,1.67
8/15/2008,1.83
8/22/2008,1.72
8/29/2008,1.69
9/5/2008,1.67
9/12/2008,1.6
9/19/2008,0.62
9/26/2008,0.84
10/3/2008,0.76
10/10/2008,0.57
10/17/2008,0.45
10/24/2008,1.04
10/31/2008,0.61
11/7/2008,0.39
11/14/2008,0.21
11/21/2008,0.07
11/28/2008,0.07
12/5/2008,0.04
12/12/2008,0.02
12/19/2008,0.03
12/26/2008,0.02
1/2/2009,0.09
1/9/2009,0.11
1/16/2009,0.12
1/23/2009,0.11
1/30/2009,0.19
2/6/2009,0.29
2/13/2009,0.3
2/20/2009,0.3
2/27/2009,0.29
3/6/2009,0.24
3/13/2009,0.22
3/20/2009,0.22
3/27/2009,0.18
4/3/2009,0.21
4/10/2009,0.19
4/17/2009,0.15
4/24/2009,0.13
5/1/2009,0.13
5/8/2009,0.19
5/15/2009,0.18
5/22/2009,0.18
5/29/2009,0.16
6/5/2009,0.15
6/12/2009,0.19
6/19/2009,0.17
6/26/2009,0.19
7/3/2009,0.18
7/10/2009,0.19
7/17/2009,0.18
7/24/2009,0.19
7/31/2009,0.19
8/7/2009,0.18
8/14/2009,0.18
8/21/2009,0.17
8/28/2009,0.16
9/4/2009,0.14
9/11/2009,0.14
9/18/2009,0.11
9/25/2009,0.11
10/2/2009,0.12
10/9/2009,0.08
10/16/2009,0.07
10/23/2009,0.07
10/30/2009,0.07
11/6/2009,0.05
11/13/2009,0.07
11/20/2009,0.04
11/27/2009,0.05
12/4/2009,0.06
12/11/2009,0.03
12/18/2009,0.04
12/25/2009,0.07
1/1/2010,0.08
1/8/2010,0.06
1/15/2010,0.05
1/22/2010,0.06
1/29/2010,0.07
2/5/2010,0.1
2/12/2010,0.11
2/19/2010,0.1
2/26/2010,0.12
3/5/2010,0.14
3/12/2010,0.16
3/19/2010,0.16
3/26/2010,0.14
4/2/2010,0.16
4/9/2010,0.17
4/16/2010,0.16
4/23/2010,0.16
4/30/2010,0.16
5/7/2010,0.14
5/14/2010,0.16
5/21/2010,0.17
5/28/2010,0.17
6/4/2010,0.15
6/11/2010,0.1
6/18/2010,0.09
6/25/2010,0.13
7/2/2010,0.17
7/9/2010,0.16
7/16/2010,0.15
7/23/2010,0.16
7/30/2010,0.15
8/6/2010,0.16
8/13/2010,0.15
8/20/2010,0.16
8/27/2010,0.16
9/3/2010,0.14
9/10/2010,0.14
9/17/2010,0.15
9/24/2010,0.16
10/1/2010,0.16
10/8/2010,0.13
10/15/2010,0.14
10/22/2010,0.14
10/29/2010,0.13
11/5/2010,0.13
11/12/2010,0.13
11/19/2010,0.14
11/26/2010,0.16
12/3/2010,0.16
12/10/2010,0.14
12/17/2010,0.14
12/24/2010,0.14
12/31/2010,0.14
1/7/2011,0.14
1/14/2011,0.15
1/21/2011,0.16
1/28/2011,0.16
2/4/2011,0.15
2/11/2011,0.14
2/18/2011,0.11
2/25/2011,0.13
3/4/2011,0.13
3/11/2011,0.1
3/18/2011,0.09
3/25/2011,0.09
4/1/2011,0.09
4/8/2011,0.05
4/15/2011,0.06
4/22/2011,0.06
4/29/2011,0.06
5/6/2011,0.03
5/13/2011,0.03
5/20/2011,0.05
5/27/2011,0.06
6/3/2011,0.05
6/10/2011,0.05
6/17/2011,0.05
6/24/2011,0.02
7/1/2011,0.02
7/8/2011,0.02
7/15/2011,0.02
7/22/2011,0.03
7/29/2011,0.07
8/5/2011,0.04
8/12/2011,0.03
8/19/2011,0.02
8/26/2011,0.01
9/2/2011,0.02
9/9/2011,0.02
9/16/2011,0.01
9/23/2011,0.01
9/30/2011,0.02
10/7/2011,0.01
10/14/2011,0.02
10/21/2011,0.03
10/28/2011,0.02
11/4/2011,0.01
11/11/2011,0.01
11/18/2011,0.01
11/25/2011,0.02
12/2/2011,0.02
12/9/2011,0.01
12/16/2011,0.01
12/23/2011,0.01
12/30/2011,0.02
1/6/2012,0.02
1/13/2012,0.02
1/20/2012,0.04
1/27/2012,0.05
2/3/2012,0.07
2/10/2012,0.09
2/17/2012,0.11
2/24/2012,0.09
3/2/2012,0.09
3/9/2012,0.08
3/16/2012,0.09
3/23/2012,0.09
3/30/2012,0.08
4/6/2012,0.08
4/13/2012,0.09
4/20/2012,0.08
4/27/2012,0.09
5/4/2012,0.09
5/11/2012,0.1
5/18/2012,0.09
5/25/2012,0.09
6/1/2012,0.08
6/8/2012,0.09
6/15/2012,0.1
6/22/2012,0.09
6/29/2012,0.09
7/6/2012,0.09
7/13/2012,0.1
7/20/2012,0.09
7/27/2012,0.1
8/3/2012,0.1
8/10/2012,0.11
8/17/2012,0.1
8/24/2012,0.11
8/31/2012,0.1
9/7/2012,0.11
9/14/2012,0.1
9/21/2012,0.11
9/28/2012,0.1
10/5/2012,0.1
10/12/2012,0.1
10/19/2012,0.1
10/26/2012,0.11
11/2/2012,0.11
11/9/2012,0.1
11/16/2012,0.09
11/23/2012,0.09
11/30/2012,0.09
12/7/2012,0.1
12/14/2012,0.07
12/21/2012,0.06
12/28/2012,0.06
1/4/2013,0.07
1/11/2013,0.07
1/18/2013,0.08
1/25/2013,0.08
2/1/2013,0.07
2/8/2013,0.07
2/15/2013,0.1
2/22/2013,0.13
3/1/2013,0.12
3/8/2013,0.1
3/15/2013,0.1
3/22/2013,0.07
3/29/2013,0.08
4/5/2013,0.07
4/12/2013,0.07
4/19/2013,0.06
4/26/2013,0.05
5/3/2013,0.05
5/10/2013,0.04
5/17/2013,0.04
5/24/2013,0.04
5/31/2013,0.05
6/7/2013,0.05
6/14/2013,0.05
6/21/2013,0.05
6/28/2013,0.06
7/5/2013,0.04
7/12/2013,0.04
7/19/2013,0.03
7/26/2013,0.03
8/2/2013,0.04
8/9/2013,0.05
8/16/2013,0.05
8/23/2013,0.04
8/30/2013,0.03
9/6/2013,0.02
9/13/2013,0.02
9/20/2013,0.01
9/27/2013,0.02
10/4/2013,0.02
10/11/2013,0.05
10/18/2013,0.08
10/25/2013,0.04
11/1/2013,0.04
11/8/2013,0.05
11/15/2013,0.08
11/22/2013,0.08
11/29/2013,0.07
12/6/2013,0.06
12/13/2013,0.07
12/20/2013,0.07
12/27/2013,0.07
1/3/2014,0.07
1/10/2014,0.05
1/17/2014,0.04
1/24/2014,0.04
1/31/2014,0.04
2/7/2014,0.07
2/14/2014,0.04
2/21/2014,0.05
2/28/2014,0.05
3/7/2014,0.05
3/14/2014,0.05
3/21/2014,0.06
3/28/2014,0.05
4/4/2014,0.03
4/11/2014,0.04
4/18/2014,0.04
4/25/2014,0.03
5/2/2014,0.03
5/9/2014,0.03
5/16/2014,0.03
5/23/2014,0.03
5/30/2014,0.04
6/6/2014,0.04
6/13/2014,0.04
6/20/2014,0.03
6/27/2014,0.03
7/4/2014,0.02
7/11/2014,0.03
7/18/2014,0.02
7/25/2014,0.03
8/1/2014,0.03
8/8/2014,0.03
8/15/2014,0.04
8/22/2014,0.03
8/29/2014,0.03
9/5/2014,0.03
9/12/2014,0.02
9/19/2014,0.02
9/26/2014,0.01
10/3/2014,0.02
10/10/2014,0.01
10/17/2014,0.02
10/24/2014,0.02
10/31/2014,0.02
11/7/2014,0.03
11/14/2014,0.02
11/21/2014,0.02
11/28/2014,0.02
12/5/2014,0.02
12/12/2014,0.03
12/19/2014,0.04
12/26/2014,0.03
1/2/2015,0.03
1/9/2015,0.03
1/16/2015,0.03
1/23/2015,0.03
1/30/2015,0.02
2/6/2015,0.02
2/13/2015,0.01
2/20/2015,0.02
2/27/2015,0.02
3/6/2015,0.02
3/13/2015,0.03
3/20/2015,0.03
3/27/2015,0.03
4/3/2015,0.03
4/10/2015,0.03
4/17/2015,0.02
4/24/2015,0.03
5/1/2015,0.01
5/8/2015,0.01
5/15/2015,0.02
5/22/2015,0.02
5/29/2015,0.01
6/5/2015,0.02
6/12/2015,0.02
6/19/2015,0.01
6/26/2015,0.01
7/3/2015,0.01
7/10/2015,0.02
7/17/2015,0.02
7/24/2015,0.04
7/31/2015,0.06
8/7/2015,0.07
8/14/2015,0.1
8/21/2015,0.05
8/28/2015,0.06
9/4/2015,0.04
9/11/2015,0.04
9/18/2015,0.04
9/25/2015,0
10/2/2015,0
10/9/2015,0
10/16/2015,0.01
10/23/2015,0.01
10/30/2015,0.05
11/6/2015,0.06
11/13/2015,0.14
11/20/2015,0.13
11/27/2015,0.17
12/4/2015,0.21
12/11/2015,0.26
12/18/2015,0.24
12/25/2015,0.21
1/1/2016,0.21
1/8/2016,0.21
1/15/2016,0.22
1/22/2016,0.28
1/29/2016,0.32
2/5/2016,0.32
2/12/2016,0.3
2/19/2016,0.3
2/26/2016,0.32
3/4/2016,0.31
3/11/2016,0.31
3/18/2016,0.31
3/25/2016,0.3
4/1/2016,0.23
4/8/2016,0.23
4/15/2016,0.22
4/22/2016,0.22
4/29/2016,0.23
5/6/2016,0.2
5/13/2016,0.26
5/20/2016,0.3
5/27/2016,0.33
6/3/2016,0.3
6/10/2016,0.26
6/17/2016,0.27
6/24/2016,0.28
7/1/2016,0.26
7/8/2016,0.28
7/15/2016,0.31
7/22/2016,0.32
7/29/2016,0.29
8/5/2016,0.28
8/12/2016,0.29
8/19/2016,0.29
8/26/2016,0.31
9/2/2016,0.33
9/9/2016,0.34
9/16/2016,0.33
9/23/2016,0.24
9/30/2016,0.26
10/7/2016,0.32
10/14/2016,0.33
10/21/2016,0.34
10/28/2016,0.32
11/4/2016,0.36
11/11/2016,0.44
11/18/2016,0.47
11/25/2016,0.48
12/2/2016,0.48
12/9/2016,0.5
12/16/2016,0.52
12/23/2016,0.51
12/30/2016,0.5
1/6/2017,0.52
1/13/2017,0.51
1/20/2017,0.52
1/27/2017,0.5
2/3/2017,0.51
2/10/2017,0.53
2/17/2017,0.53
2/24/2017,0.52
3/3/2017,0.6
3/10/2017,0.73
3/17/2017,0.74
3/24/2017,0.76
3/31/2017,0.77
4/7/2017,0.79
4/14/2017,0.81
4/21/2017,0.8
4/28/2017,0.8
5/5/2017,0.84
5/12/2017,0.88
5/19/2017,0.9
5/26/2017,0.92
6/2/2017,0.95
6/9/2017,0.97
6/16/2017,0.99
6/23/2017,0.97
6/30/2017,1
7/7/2017,1.03
7/14/2017,1.03
7/21/2017,1.09
7/28/2017,1.11
8/4/2017,1.06
8/11/2017,1.03
8/18/2017,1
8/25/2017,0.99
9/1/2017,1
9/8/2017,1.03
9/15/2017,1.03
9/22/2017,1.02
9/29/2017,1.04
10/6/2017,1.04
10/13/2017,1.07
10/20/2017,1.08
10/27/2017,1.09
11/3/2017,1.14
11/10/2017,1.2
11/17/2017,1.24
11/24/2017,1.27
12/1/2017,1.26
12/8/2017,1.27
12/15/2017,1.3
12/22/2017,1.34
12/29/2017,1.4
1/5/2018,1.39
1/12/2018,1.41
1/19/2018,1.43
1/26/2018,1.41
2/2/2018,1.44
2/9/2018,1.52
2/16/2018,1.58
2/23/2018,1.62
3/2/2018,1.63
3/9/2018,1.65
3/16/2018,1.72
3/23/2018,1.73
3/30/2018,1.73
4/6/2018,1.71
4/13/2018,1.72
4/20/2018,1.78
4/27/2018,1.81
5/4/2018,1.81
5/11/2018,1.85
5/18/2018,1.88
5/25/2018,1.88
6/1/2018,1.89
6/8/2018,1.9
6/15/2018,1.9
6/22/2018,1.9
6/29/2018,1.89
7/6/2018,1.94
7/13/2018,1.94
7/20/2018,1.97
7/27/2018,1.96
8/3/2018,1.99
8/10/2018,2.02
8/17/2018,2.03
8/24/2018,2.04
8/31/2018,2.08
9/7/2018,2.1
9/14/2018,2.11
9/21/2018,2.13
9/28/2018,2.16
10/5/2018,2.19
10/12/2018,2.22
10/19/2018,2.27
10/26/2018,2.29
11/2/2018,2.29
11/9/2018,2.31
11/16/2018,2.33
11/23/2018,2.35
11/30/2018,2.34
12/7/2018,2.36
12/14/2018,2.38
12/21/2018,2.35
12/28/2018,2.38
1/4/2019,2.38
1/11/2019,2.4
1/18/2019,2.38
1/25/2019,2.35
2/1/2019,2.36
2/8/2019,2.37
2/15/2019,2.39
2/22/2019,2.41
3/1/2019,2.4
3/8/2019,2.41
3/15/2019,2.4
3/22/2019,2.41
3/29/2019,2.39
4/5/2019,2.38
4/12/2019,2.38
4/19/2019,2.38
4/26/2019,2.39
5/3/2019,2.39
5/10/2019,2.38
5/17/2019,2.36
5/24/2019,2.33
5/31/2019,2.32
6/7/2019,2.28
6/14/2019,2.19
6/21/2019,2.13
6/28/2019,2.08
7/5/2019,2.16
7/12/2019,2.16
7/19/2019,2.07
7/26/2019,2.05
8/2/2019,2.04
8/9/2019,1.99
8/16/2019,1.91
8/23/2019,1.92
8/30/2019,1.95
9/6/2019,1.93
9/13/2019,1.92
9/20/2019,1.91
9/27/2019,1.84
10/4/2019,1.74
10/11/2019,1.67
10/18/2019,1.63
10/25/2019,1.63
11/1/2019,1.56
11/8/2019,1.52
11/15/2019,1.55
11/22/2019,1.54
11/29/2019,1.58
12/6/2019,1.53
12/13/2019,1.53
12/20/2019,1.54
12/27/2019,1.55
1/3/2020,1.52
1/10/2020,1.51
1/17/2020,1.53
1/24/2020,1.52
1/31/2020,1.53
2/7/2020,1.54
2/14/2020,1.55
2/21/2020,1.55
2/28/2020,1.43
3/6/2020,0.76
3/13/2020,0.35
3/20/2020,0.11
3/27/2020,-0.01
4/3/2020,0.1
4/10/2020,0.19
4/17/2020,0.17
4/24/2020,0.12
5/1/2020,0.11
5/8/2020,0.12
5/15/2020,0.12
5/22/2020,0.12
5/29/2020,0.15
6/5/2020,0.15
6/12/2020,0.17
6/19/2020,0.17
6/26/2020,0.15
